,er_p,cognitive_translate,cognitive_exponent,repetition,pearson,euclidean,mape
0,0.05,0,1,0,-0.21954768389046844,355.2240235131764,0.5295783221800087
1,0.05,0,1,1,-0.21727323813603572,358.7547684134349,0.5368209892920467
2,0.05,0,1,2,-0.20355718701914524,354.672838598834,0.5303968238813912
3,0.05,0,1,3,-0.19880167509446187,353.74373099245116,0.5281598026645141
4,0.05,0,1,4,-0.1830708689324397,357.27878202025494,0.5326022309295085
5,0.05,0,1,5,-0.23269292703324562,351.7805441889345,0.524038880411198
6,0.05,0,1,6,-0.21050000943797867,355.9419775287716,0.531131184478561
7,0.05,0,1,7,-0.2100318147666981,351.59081910414073,0.5239781242247611
8,0.05,0,1,8,-0.21124209060289867,352.2361655370926,0.5244151313509564
9,0.05,0,1,9,-0.22951538147836548,355.1071743078497,0.5294547256428289
10,0.05,0,2,0,-0.21432591237427936,246.1605774431708,0.3526340332615063
11,0.05,0,2,1,-0.23279899012482708,238.20749446722138,0.3406825256653228
12,0.05,0,2,2,-0.1213115853058282,254.20336002024203,0.36989014841663065
13,0.05,0,2,3,-0.1993254030239334,249.97834103676203,0.35785618007638903
14,0.05,0,2,4,-0.12274323447941332,252.6499280969283,0.36468505055791683
15,0.05,0,2,5,-0.26333122117051866,244.42326190959463,0.34875942916564445
16,0.05,0,2,6,-0.22275995074266852,244.53034538443774,0.3531984539971877
17,0.05,0,2,7,-0.2799287241206843,237.3588693225039,0.3367248820607267
18,0.05,0,2,8,-0.17096100910843096,250.1609735430245,0.3582056792194836
19,0.05,0,2,9,-0.193574395341056,251.05976841791434,0.36209018131562276
20,0.05,0,3,0,0.005215176133190873,189.83541195684043,0.28099151077926754
21,0.05,0,3,1,-0.19891175540913522,185.59126071618914,0.26914179909875685
22,0.05,0,3,2,0.000360069432377282,200.65415105022012,0.2952040993203209
23,0.05,0,3,3,-0.10735024165444546,197.3944500204892,0.29073323153796576
24,0.05,0,3,4,-0.06892835264119893,196.1872148137454,0.287527591688791
25,0.05,0,3,5,-0.07924372897638231,177.8526144846908,0.2596414599567853
26,0.05,0,3,6,0.013868223170130525,196.11501310985213,0.28905340893100867
27,0.05,0,3,7,-0.10345174643115428,187.06669929045154,0.27074461139315703
28,0.05,0,3,8,-0.03488617344492811,214.91174272803065,0.31507433255069256
29,0.05,0,3,9,-0.0616695250970191,191.47909192888798,0.2830558733835974
30,0.05,0,4,0,0.2396264232737365,200.70925822467999,0.30301464086899715
31,0.05,0,4,1,0.22504586195479437,188.45284641713212,0.2859167965757983
32,0.05,0,4,2,0.19020370598909273,204.34840154466488,0.31583774762162814
33,0.05,0,4,3,0.3148400997136117,189.48244984060048,0.28573076405978776
34,0.05,0,4,4,0.03776704646843848,188.35922215392995,0.2804028532284932
35,0.05,0,4,5,0.14442920929316702,183.11250056994263,0.27914931953073613
36,0.05,0,4,6,0.11833291226529036,194.65725894736343,0.2981979534886526
37,0.05,0,4,7,0.11536264003550341,187.6972672770584,0.28720857313148357
38,0.05,0,4,8,0.15052541907786035,179.23649475930776,0.26942217415667796
39,0.05,0,4,9,0.007664455876578204,165.3819276319335,0.24281234085153514
40,0.05,0,5,0,-0.014588473181634328,155.24994205011504,0.23813168141025284
41,0.05,0,5,1,0.19975174238826343,183.7495923793733,0.28325306145616974
42,0.05,0,5,2,0.12338402181446885,160.59068340722217,0.23950527431698343
43,0.05,0,5,3,-0.014459320367487252,175.06974565477492,0.2627848811933027
44,0.05,0,5,4,-0.09924077663218484,127.94348925430104,0.1902290012758253
45,0.05,0,5,5,0.18959572500430932,201.28451196952435,0.30791170866071876
46,0.05,0,5,6,0.04934574824789942,188.16876336810836,0.28585780509421527
47,0.05,0,5,7,0.0644531253129832,171.32607899635408,0.2561472591101788
48,0.05,0,5,8,0.19566695231941425,188.86005821386075,0.28893708586612776
49,0.05,0,5,9,0.1184390833515872,161.24188750196996,0.24155095400241122
50,0.05,1,1,0,-0.02064862437384136,400.1974579825606,0.5980323926605283
51,0.05,1,1,1,-0.010270067310504302,401.5300711053322,0.6004339899617585
52,0.05,1,1,2,-0.052666909779541145,399.3441555706947,0.5976675518405375
53,0.05,1,1,3,-0.05452816688276329,401.5246346266378,0.6030308685364
54,0.05,1,1,4,-0.04030421482152527,399.64387508289093,0.5986347100273499
55,0.05,1,1,5,-0.0612624054359882,398.5212769565478,0.5931428195798185
56,0.05,1,1,6,-0.028452533053126155,400.8978133675714,0.5998271029389998
57,0.05,1,1,7,-0.016556590312447824,402.08811256841483,0.6034395522713346
58,0.05,1,1,8,-0.04389381986201782,397.8905197840857,0.5929879066500136
59,0.05,1,1,9,-0.022491271985897305,403.0169245742004,0.6045131301446106
60,0.05,1,2,0,-0.11301243470719861,348.6269887027723,0.5087088533608309
61,0.05,1,2,1,-0.10526489133433202,348.779834471768,0.5098149256438312
62,0.05,1,2,2,-0.07096797207292599,353.28942689252943,0.5208658758547434
63,0.05,1,2,3,-0.09334970352804008,349.04559765670655,0.5105323688948776
64,0.05,1,2,4,-0.06617647427037453,352.5628466299817,0.5179783409191012
65,0.05,1,2,5,-0.08946229759015735,350.04083366016874,0.5111403937353879
66,0.05,1,2,6,-0.0712124606895338,351.0440986373115,0.5138478421611283
67,0.05,1,2,7,-0.11656497229658576,348.38908853462834,0.5087440828127513
68,0.05,1,2,8,-0.0863577499795723,348.89784336781923,0.5117221657325937
69,0.05,1,2,9,-0.08886649539546064,354.03280267499593,0.5208837948301089
70,0.05,1,3,0,-0.041790505394929865,314.41503991782787,0.44491267451966426
71,0.05,1,3,1,-0.09112938243407732,316.25870320444307,0.4523661533048268
72,0.05,1,3,2,-0.0028959716603527744,317.0435143628055,0.4518629613246821
73,0.05,1,3,3,-0.02534236919479504,315.8281451727095,0.44803782351666754
74,0.05,1,3,4,-0.009163476423844926,321.9414213114233,0.46196537359015516
75,0.05,1,3,5,-0.05499737955649683,314.13532708801625,0.4459611821370391
76,0.05,1,3,6,-0.034253373150561164,316.9946681117762,0.45129189766210637
77,0.05,1,3,7,-0.05546268775027599,318.1951261224984,0.45215194690526306
78,0.05,1,3,8,-0.032013032395827944,317.72441233197225,0.45221267628814205
79,0.05,1,3,9,-0.031897787559510914,319.82570463392454,0.4588724094629972
80,0.05,1,4,0,0.0011867372601975998,299.4644865489321,0.41436212163814257
81,0.05,1,4,1,0.011011896090149922,302.1658413094798,0.4200148515768747
82,0.05,1,4,2,0.01892674779630572,300.3220952303158,0.41516841145091304
83,0.05,1,4,3,0.006482779998945164,302.48571199424526,0.42145287098351075
84,0.05,1,4,4,0.03226066006772292,302.35507797614963,0.42090004109258233
85,0.05,1,4,5,0.006093883126034642,299.50926176520034,0.4167109513567538
86,0.05,1,4,6,0.013010089531151037,303.7705490246147,0.4231237283642952
87,0.05,1,4,7,0.015309277872995748,302.05260505928453,0.41848356868070197
88,0.05,1,4,8,0.03791752558255349,301.978388832189,0.42119225859936155
89,0.05,1,4,9,0.010841517967649185,300.6006959074077,0.41784683245727844
90,0.05,1,5,0,0.020731322775508477,293.79126959336696,0.4002360542089032
91,0.05,1,5,1,0.03517055615640088,295.6268931056872,0.4041757176946111
92,0.05,1,5,2,0.010909101900611402,294.22636035198207,0.40171305916029093
93,0.05,1,5,3,0.05612754101906104,294.53414959653503,0.40200776519162335
94,0.05,1,5,4,-0.00040963292988874245,295.9147852579276,0.40721280824296674
95,0.05,1,5,5,0.03768062411722504,297.0260920947127,0.4100482811555722
96,0.05,1,5,6,0.012256722793936678,294.74283405969453,0.4027564313835552
97,0.05,1,5,7,0.005123352212064944,295.3290084843271,0.4038531495487394
98,0.05,1,5,8,0.0282934338322131,297.1036503334345,0.4085896995400327
99,0.05,1,5,9,-0.0015306669443670314,295.51297883276067,0.40434464189686325
100,0.05,2,1,0,0.013302769191304293,435.5298990681231,0.6435756626866487
101,0.05,2,1,1,0.03864290513260651,438.8485664051396,0.6506117037479022
102,0.05,2,1,2,0.026378969982719363,436.59206727976454,0.6461805657458582
103,0.05,2,1,3,0.03411587770148137,435.9052277603684,0.6434016559028937
104,0.05,2,1,4,0.035370001020618276,437.2405912650714,0.6461928565871107
105,0.05,2,1,5,0.024806448817303636,435.4759330552838,0.6446844063772014
106,0.05,2,1,6,0.014753488802228933,435.71657256821595,0.6438642250018741
107,0.05,2,1,7,0.03417647245503474,435.89634157463223,0.6449187467667773
108,0.05,2,1,8,0.04233127892080851,435.3293555642446,0.6431601927153238
109,0.05,2,1,9,0.03220665264074928,436.06457123029963,0.6448482659198861
110,0.05,2,2,0,0.06386785489822826,429.6477756912927,0.6317453970657932
111,0.05,2,2,1,0.05036661314413591,428.11306135395694,0.6253235792337946
112,0.05,2,2,2,0.03988856770747216,426.95006695821456,0.6213490812473819
113,0.05,2,2,3,0.04789432368956583,428.0105281402207,0.6285192042062031
114,0.05,2,2,4,0.05054167035888752,427.53605914439066,0.6268060225354674
115,0.05,2,2,5,0.05058175881243814,427.323588118857,0.6235902809618653
116,0.05,2,2,6,0.04919032867639773,427.6140468320839,0.6247380448387615
117,0.05,2,2,7,0.05082009578547821,427.8931398912077,0.6253258470920012
118,0.05,2,2,8,0.047375053860093386,427.68165228503227,0.62651921645958
119,0.05,2,2,9,0.06116839322209928,428.27320810153225,0.6264597177130219
120,0.05,2,3,0,0.06939624886521906,423.71352588165024,0.6110012025241806
121,0.05,2,3,1,0.055733659060721856,425.0879637082093,0.6154076026889207
122,0.05,2,3,2,0.08665764272564468,424.74138847927424,0.6128705244295708
123,0.05,2,3,3,0.06501330530433078,424.4414523013559,0.6134196684747563
124,0.05,2,3,4,0.07084875393798439,424.00968932054775,0.6115969771014458
125,0.05,2,3,5,0.05256022873488831,424.8015653075242,0.6140296878191932
126,0.05,2,3,6,0.06301012932030062,425.00289550771777,0.6154311847500393
127,0.05,2,3,7,0.0882658189573209,425.3434540146026,0.6154152908783527
128,0.05,2,3,8,0.05809119841360446,424.7080012698463,0.6154747560300943
129,0.05,2,3,9,0.06062247177532315,425.61178423806547,0.6134836611264967
130,0.05,2,4,0,0.05917349696604973,424.4719491571109,0.6130137488978941
131,0.05,2,4,1,0.057919513695834986,424.46183077937866,0.6129862807534504
132,0.05,2,4,2,0.05218989018849607,425.3011372576739,0.6161728168200408
133,0.05,2,4,3,0.07102466161227555,425.7527226109684,0.6153066621104403
134,0.05,2,4,4,0.07830606956122833,423.30766968201834,0.6080297073832047
135,0.05,2,4,5,0.07082153717563754,424.86789434776483,0.6107032900133761
136,0.05,2,4,6,0.06988413679176016,425.2181165496351,0.6164011063325946
137,0.05,2,4,7,0.049907240350448835,424.7260468452443,0.6147878625358205
138,0.05,2,4,8,0.0682460420659161,424.91198612770876,0.6151799512689592
139,0.05,2,4,9,0.08582978738908893,424.4517371427292,0.6089325574339914
140,0.05,2,5,0,0.05077113398478699,426.807200947987,0.6170464588877321
141,0.05,2,5,1,0.0587191240175522,425.63473508372016,0.6128947744513303
142,0.05,2,5,2,0.047105736584401585,424.90795359427125,0.6140156960784768
143,0.05,2,5,3,0.03568468812402281,426.9330011236616,0.61659510648321
144,0.05,2,5,4,0.03335518525521714,427.3679780781703,0.6173933041802061
145,0.05,2,5,5,0.05471673155248088,425.2626128159853,0.6151635042037334
146,0.05,2,5,6,0.03502410386902576,426.718268081167,0.6143856073250051
147,0.05,2,5,7,0.036582624370803965,425.9714575378762,0.6145331021614681
148,0.05,2,5,8,0.03744445032822959,427.12158195024466,0.617050565517891
149,0.05,2,5,9,0.036243678086605745,426.95099001812247,0.6157163277178264
150,0.05,3,1,0,0.042844260724891926,458.9676576396769,0.6718074496604101
151,0.05,3,1,1,0.06373434503590351,458.7864625621898,0.6752641669012588
152,0.05,3,1,2,0.05732416222572731,459.05666017341554,0.6726718968699653
153,0.05,3,1,3,0.04844537816374519,458.9348469396322,0.6736504891946552
154,0.05,3,1,4,0.048888083448612146,459.238030892954,0.6733650467491502
155,0.05,3,1,5,0.060563171895390594,458.7215860755319,0.6717447038154698
156,0.05,3,1,6,0.05574939984882494,458.9371415899379,0.6720864833531012
157,0.05,3,1,7,0.04562517006766476,459.4358935923339,0.6737353544412311
158,0.05,3,1,8,0.055512750427923564,459.11644767920575,0.6727853343248166
159,0.05,3,1,9,0.05184574395673619,459.11841341301306,0.6729600690856682
160,0.05,3,2,0,0.07714083582779076,471.45549398174484,0.7043320616582348
161,0.05,3,2,1,0.07355985383294499,472.13241454282064,0.7047667928937958
162,0.05,3,2,2,0.08515174106650175,471.79815770568274,0.7042309932040812
163,0.05,3,2,3,0.08293757817176466,471.6979629223252,0.7045886168175394
164,0.05,3,2,4,0.07708347891180044,471.8127048508067,0.7034494308978041
165,0.05,3,2,5,0.07740179450814842,471.90259953304985,0.7043565550497305
166,0.05,3,2,6,0.06964836360187031,471.8867015812322,0.7025092267712836
167,0.05,3,2,7,0.0737437032523462,472.2637583105192,0.7056754959623609
168,0.05,3,2,8,0.055441322968537356,472.3194023622505,0.7053100423787416
169,0.05,3,2,9,0.059754058653846975,472.08244464980726,0.7037679134590588
170,0.05,3,3,0,0.07377816745418957,480.54693831306736,0.7220286428734551
171,0.05,3,3,1,0.06912709065171926,480.8452868076395,0.7227593510181194
172,0.05,3,3,2,0.07270971287244626,480.85015645381077,0.7225214694120433
173,0.05,3,3,3,0.08191169369678256,480.7999686555324,0.7235618170781549
174,0.05,3,3,4,0.07155837856762144,480.63428623498936,0.7220721750990405
175,0.05,3,3,5,0.07023636629355538,480.3207999524473,0.7223139334166224
176,0.05,3,3,6,0.08267899482995693,481.1676166380474,0.7237814152332106
177,0.05,3,3,7,0.06662758154619382,480.38437012571075,0.7213453722784567
178,0.05,3,3,8,0.06638675466652098,480.54084539682844,0.7214454931633519
179,0.05,3,3,9,0.06950455187132003,480.17528119088394,0.7212707917953365
180,0.05,3,4,0,0.0760858744648197,484.83112022268597,0.7309234315546856
181,0.05,3,4,1,0.0726274638277054,484.3547925648868,0.7283646211167364
182,0.05,3,4,2,0.06524559555468869,483.66789013695023,0.7273271905582522
183,0.05,3,4,3,0.07844202383970894,484.08790977442277,0.7308273209276038
184,0.05,3,4,4,0.0749615711292091,484.18697942744694,0.7305696273594139
185,0.05,3,4,5,0.08871223265491397,484.0180352456047,0.7311147845260312
186,0.05,3,4,6,0.05560326857169114,484.5934910276001,0.7306574050470843
187,0.05,3,4,7,0.07240093309350062,483.4647239671087,0.7285750333348137
188,0.05,3,4,8,0.07212059619104187,484.33590993339095,0.7307746000910109
189,0.05,3,4,9,0.07784976978268784,484.13696138453383,0.7307401690859772
190,0.05,3,5,0,0.07305313681859478,484.3122888242101,0.7299367109614189
191,0.05,3,5,1,0.07099265583042551,484.82076918529623,0.7297115409979771
192,0.05,3,5,2,0.08418638642143816,484.1991526454024,0.7304074618865993
193,0.05,3,5,3,0.06906048058458304,484.9494627277464,0.7314837495695848
194,0.05,3,5,4,0.07978496393355243,485.23403266914926,0.7333411031216572
195,0.05,3,5,5,0.07184567411386573,484.04841593681414,0.7289282817788546
196,0.05,3,5,6,0.07483081421785409,484.2982296423649,0.7299249349754797
197,0.05,3,5,7,0.08719705521091449,484.22782454072495,0.7307666055519363
198,0.05,3,5,8,0.0793264970865019,485.35766249710656,0.7321917538294397
199,0.05,3,5,9,0.0743179991058171,485.1535192354724,0.7327240777807126
200,0.1,0,1,0,-0.23321893531282845,359.76124985675386,0.5399623275839338
201,0.1,0,1,1,-0.2327301675022735,366.22344202509066,0.5494515759960671
202,0.1,0,1,2,-0.20480729708229248,359.6461187541081,0.5384361176141426
203,0.1,0,1,3,-0.1844830612434565,360.4393261811102,0.5417880256024911
204,0.1,0,1,4,-0.17572722908758098,368.32418480942096,0.5557521772670587
205,0.1,0,1,5,-0.22972982948538226,364.1805576870509,0.5463139787607517
206,0.1,0,1,6,-0.17041633652125723,365.4710306013276,0.5528416066726503
207,0.1,0,1,7,-0.20669954908813928,361.6227724707962,0.5409647013370792
208,0.1,0,1,8,-0.2031818137721727,360.15360140806905,0.539190514468675
209,0.1,0,1,9,-0.16719639965964395,361.40075998836295,0.5423653713302833
210,0.1,0,2,0,-0.31644315668258277,262.78816695681536,0.38028102090487437
211,0.1,0,2,1,-0.2634794697958098,259.0192540004288,0.3720741583398965
212,0.1,0,2,2,-0.2114446031422984,255.23987919797455,0.36700415406203085
213,0.1,0,2,3,-0.24013974028397334,254.11012485810465,0.36431678535516526
214,0.1,0,2,4,-0.2698059227792899,255.319815324611,0.36714003484387914
215,0.1,0,2,5,-0.22724912169074596,258.04037501378934,0.37066994300030737
216,0.1,0,2,6,-0.3026442652402141,260.84896771666496,0.3756578025192694
217,0.1,0,2,7,-0.25445058045033037,257.9407504683948,0.3719495515196978
218,0.1,0,2,8,-0.2486881197720229,245.64151475091595,0.35234662154869517
219,0.1,0,2,9,-0.2717800067711858,249.89856106227523,0.35844987154092917
220,0.1,0,3,0,-0.14677768389902499,201.14992661457532,0.29121271259487824
221,0.1,0,3,1,-0.04841825000361665,212.21338280687405,0.3147479913412312
222,0.1,0,3,2,0.012254776360282623,213.94682094301334,0.31880116037698
223,0.1,0,3,3,-0.052649079763810586,209.50242316215437,0.31259892414646046
224,0.1,0,3,4,-0.022668224619323333,216.22632566352002,0.32238072245162913
225,0.1,0,3,5,0.1069981010606809,206.4434979685685,0.308099491515414
226,0.1,0,3,6,-0.11585847745217208,205.93038039979464,0.3056939209420612
227,0.1,0,3,7,-0.030747277175538008,205.30753268727378,0.30677549499414203
228,0.1,0,3,8,-0.22920268364056628,202.40297447402554,0.29712829243727795
229,0.1,0,3,9,-0.047452802363907066,206.70234464046612,0.30076245353954095
230,0.1,0,4,0,0.034054080898534345,177.52776867188334,0.2636019653620896
231,0.1,0,4,1,0.03160709986972907,188.53773943393267,0.2843191765107133
232,0.1,0,4,2,0.11264434968658184,193.8756158791266,0.29781044001849194
233,0.1,0,4,3,-0.09555927548550743,185.9683730829502,0.27659711779922325
234,0.1,0,4,4,0.11647214164597568,193.76098441507972,0.292698439925722
235,0.1,0,4,5,0.1325965742574227,192.56890551827303,0.29065396950266453
236,0.1,0,4,6,0.039321112607933285,182.94288789568668,0.27530681522764827
237,0.1,0,4,7,0.02243292281145461,191.71980340458296,0.28704726783707785
238,0.1,0,4,8,0.007921294983808308,189.20492175328738,0.2827637818805991
239,0.1,0,4,9,0.09594163939026146,186.9746730459855,0.2829337393096437
240,0.1,0,5,0,0.004496498451992172,180.76295308130884,0.2746356502791577
241,0.1,0,5,1,0.11251672119129276,203.9237338981136,0.31746006023300916
242,0.1,0,5,2,0.11301711976231053,184.18248806427286,0.2851583931963784
243,0.1,0,5,3,0.1407305468572885,208.06985992537253,0.3218112761998716
244,0.1,0,5,4,-0.08301833801257781,184.6663861423457,0.2767075147031704
245,0.1,0,5,5,-0.04651467890666914,165.74518439301764,0.25015413098449985
246,0.1,0,5,6,0.16000889193402484,195.06773879658218,0.30098546179723223
247,0.1,0,5,7,0.11518622806786723,180.61255956556883,0.2733468527473074
248,0.1,0,5,8,0.10580686162781444,191.73667068857708,0.2939306479451855
249,0.1,0,5,9,0.272123995512664,199.31828970975857,0.30518348206380835
250,0.1,1,1,0,-0.030788068407256883,403.74827630550607,0.6060912874630615
251,0.1,1,1,1,-0.02377168864016167,402.29544333244866,0.6037501296149462
252,0.1,1,1,2,-0.0103880549044352,402.940067311793,0.6045324831575866
253,0.1,1,1,3,-0.026464660368381382,402.59406160675604,0.6025820041875228
254,0.1,1,1,4,-0.03952863585366652,402.2105315261577,0.6013442619920989
255,0.1,1,1,5,-0.021213257222426386,402.22347539035053,0.6016759526086047
256,0.1,1,1,6,-0.03965979754981896,402.5759598294733,0.602533271831423
257,0.1,1,1,7,-0.04053771315692614,405.01007613965095,0.6079004664539102
258,0.1,1,1,8,-0.0664875697050899,402.0440579630326,0.6034548157531082
259,0.1,1,1,9,0.014537769280106331,404.70816671064443,0.609207585621684
260,0.1,1,2,0,-0.06567585953603129,353.75232866927064,0.5227016610574927
261,0.1,1,2,1,-0.06669771012201464,357.01913074236154,0.5274696699853744
262,0.1,1,2,2,-0.05495050698517451,355.56760422316364,0.5265806785015176
263,0.1,1,2,3,-0.09762248332348893,355.1725211105368,0.5222386126263238
264,0.1,1,2,4,-0.09376096636796911,356.7051183750256,0.5278317479444442
265,0.1,1,2,5,-0.06565159459249513,356.5352110296394,0.5255921173272481
266,0.1,1,2,6,-0.0907766091537555,352.5002095372046,0.5183652172554792
267,0.1,1,2,7,-0.07976550537060047,354.0894610340695,0.5199177294747918
268,0.1,1,2,8,-0.09313986029408165,353.4905203575392,0.5198858884999448
269,0.1,1,2,9,-0.07446304485786313,356.1925453306503,0.5256443348208722
270,0.1,1,3,0,-0.07291559922178438,319.5650673267364,0.4571190448917352
271,0.1,1,3,1,-0.08350172078838065,318.79364704799826,0.4540173422407259
272,0.1,1,3,2,-0.08680343161249625,322.144141768903,0.4622219713253091
273,0.1,1,3,3,-0.039663512760713206,323.0034715663602,0.46504299343714944
274,0.1,1,3,4,-0.06282004408045354,322.48030030862685,0.4628439366559471
275,0.1,1,3,5,-0.0780926216802915,321.20351581370755,0.46173992776960965
276,0.1,1,3,6,-0.03345812307199007,321.84263485418495,0.4630470357606222
277,0.1,1,3,7,-0.04052019579251154,323.22409710976495,0.4649493384355366
278,0.1,1,3,8,-0.04520702055205452,320.22182953938403,0.46005465227539394
279,0.1,1,3,9,-0.03791957335180618,322.7815525390734,0.4658467992467887
280,0.1,1,4,0,-0.017106945176688287,303.98224266965764,0.42410074965333383
281,0.1,1,4,1,-0.02143410073990681,303.62360120625584,0.42327651927113713
282,0.1,1,4,2,-0.04498115309068442,301.74453089955057,0.4203323219043061
283,0.1,1,4,3,-0.0074059660489241355,304.05813430951054,0.4240437118409193
284,0.1,1,4,4,-0.0020694014295827034,306.02952435456956,0.426785296901057
285,0.1,1,4,5,-0.03698699808542681,301.9195384441601,0.4193855076779111
286,0.1,1,4,6,-0.010105078455545464,304.61936839372294,0.4249811087464952
287,0.1,1,4,7,-0.003652268397908956,304.2524343615129,0.425660596792738
288,0.1,1,4,8,-0.010319716480143121,307.1626771824661,0.43408922860666205
289,0.1,1,4,9,-0.018607049341812277,303.4445699589661,0.42280492764643657
290,0.1,1,5,0,0.02395789409095336,296.2610380293642,0.40544495838781325
291,0.1,1,5,1,0.01904526753646028,296.9950691485273,0.40602365801402934
292,0.1,1,5,2,0.016828214221561385,298.99777047510474,0.4123792973571707
293,0.1,1,5,3,0.024306285047377446,295.2522427293214,0.4036441650357914
294,0.1,1,5,4,0.026883555758923778,297.40259758339204,0.40791490770604905
295,0.1,1,5,5,0.02720291327384622,299.9063170966642,0.4161471519418863
296,0.1,1,5,6,0.039876132075575145,297.73631472391446,0.4083364590686369
297,0.1,1,5,7,-0.01418477413796368,300.91720634782433,0.41923303721998745
298,0.1,1,5,8,0.03194610716024742,296.9115050877204,0.40596322634497445
299,0.1,1,5,9,0.007370840721152942,294.584313633933,0.4054193192812721
300,0.1,2,1,0,0.028764430726900565,436.64730333215084,0.6456825985264517
301,0.1,2,1,1,0.03349228681563664,437.12566663828807,0.6472219493406811
302,0.1,2,1,2,0.05638446133116171,435.2722631865458,0.6447237725811833
303,0.1,2,1,3,0.040872624696868386,437.0463856557035,0.6470522548328717
304,0.1,2,1,4,0.019464585365400855,436.80115742973527,0.6469324225195279
305,0.1,2,1,5,0.030570043532663224,436.4922465938037,0.6447140610934644
306,0.1,2,1,6,0.04432440403369874,437.3933229552429,0.6477105079972237
307,0.1,2,1,7,0.022677078321670926,435.4254798273455,0.6441786628335727
308,0.1,2,1,8,0.04989816514122345,436.56572746191495,0.6460392389466518
309,0.1,2,1,9,0.03476894054735691,437.0538812212542,0.6486798194872492
310,0.1,2,2,0,0.06301937653414488,430.01674596015727,0.6338769246808493
311,0.1,2,2,1,0.06465537950573107,431.07184250332193,0.6369935652799744
312,0.1,2,2,2,0.08048184306658285,428.6231995858277,0.6326720916962115
313,0.1,2,2,3,0.05329042684337931,429.06332275053666,0.6315946559261852
314,0.1,2,2,4,0.0718344526899748,428.29663129934437,0.6299480086476578
315,0.1,2,2,5,0.0837568286287746,429.9965030751152,0.6351775400563705
316,0.1,2,2,6,0.06326879945772439,429.8609170885896,0.6315028676361613
317,0.1,2,2,7,0.07178028874141973,429.8549393127553,0.6337332131020118
318,0.1,2,2,8,0.07920160771813299,430.5746771627437,0.635820474824001
319,0.1,2,2,9,0.06262422257603094,429.71116151839266,0.6322685384296939
320,0.1,2,3,0,0.07025995113915075,426.4158363068314,0.6171199036576435
321,0.1,2,3,1,0.07997367633815212,427.08030605350996,0.6180781950591404
322,0.1,2,3,2,0.0933270142436296,426.8746066281006,0.621176804754837
323,0.1,2,3,3,0.0764656621710212,427.55450181891206,0.6199387422994722
324,0.1,2,3,4,0.07890721567937051,426.8045906411158,0.6165863142314135
325,0.1,2,3,5,0.09333378041453096,427.31453667570514,0.6222059707023878
326,0.1,2,3,6,0.08762731388149891,425.88360376836795,0.618211585786555
327,0.1,2,3,7,0.07202595913697395,426.4900449241202,0.616606264118663
328,0.1,2,3,8,0.06758068728415635,427.45627292295154,0.61946034795108
329,0.1,2,3,9,0.07944334160357226,427.63104842162164,0.6216864978989453
330,0.1,2,4,0,0.08390166333874284,426.4477053879738,0.6131878189027988
331,0.1,2,4,1,0.06173328189254812,427.5153948537247,0.6173239487991283
332,0.1,2,4,2,0.07914955721312535,425.75783774634664,0.6100293400918652
333,0.1,2,4,3,0.0884059411033447,425.3947047439869,0.6088507748011228
334,0.1,2,4,4,0.08899176706782636,426.4745674572369,0.6131079706098185
335,0.1,2,4,5,0.08137040944635825,426.4225112436331,0.6181669330920503
336,0.1,2,4,6,0.09492155549234825,426.55137300764346,0.6128439860089068
337,0.1,2,4,7,0.10891736727338991,425.8147770694514,0.6134671000952375
338,0.1,2,4,8,0.049453441742420834,427.78368880900047,0.6197184155416692
339,0.1,2,4,9,0.0925083013589118,425.86622693042597,0.6089327809550459
340,0.1,2,5,0,0.06138710521361046,425.777083189035,0.6138079010551974
341,0.1,2,5,1,0.05301120505100863,428.02503951563403,0.6220907615701751
342,0.1,2,5,2,0.06581624558979864,427.1551997972556,0.6199487670810964
343,0.1,2,5,3,0.07905504818908178,426.45959946922477,0.6148689204561077
344,0.1,2,5,4,0.05959142054002703,428.1268160264681,0.6232583390068864
345,0.1,2,5,5,0.08590628317996381,425.66860960568215,0.6090249986545581
346,0.1,2,5,6,0.04546153909540251,428.0660387418283,0.6212503959000398
347,0.1,2,5,7,0.053399923656247135,427.8266903038531,0.6187213968199146
348,0.1,2,5,8,0.08742414246600048,425.0778715449749,0.6134549543463095
349,0.1,2,5,9,0.09630540701206093,426.22845755091925,0.6077549183443628
350,0.1,3,1,0,0.05790010148921166,459.7058367925058,0.6765424995373163
351,0.1,3,1,1,0.05160026445074057,458.70165581236324,0.6704238739387565
352,0.1,3,1,2,0.047003293442950074,459.10723546355825,0.6720422213496908
353,0.1,3,1,3,0.04513000283929125,459.42968237001634,0.6729048840188043
354,0.1,3,1,4,0.0488081058406754,459.6812382185041,0.6747752090987428
355,0.1,3,1,5,0.05353334678171912,459.3807537761986,0.6738251334307401
356,0.1,3,1,6,0.047107093107903425,460.12704444863357,0.6762961255317603
357,0.1,3,1,7,0.05681049772687405,459.4689543527423,0.673878220073632
358,0.1,3,1,8,0.04573451643307889,459.4416299473833,0.6727974036420132
359,0.1,3,1,9,0.04922305469516298,459.3954796679527,0.6734570976190044
360,0.1,3,2,0,0.07280568279873502,472.0645918827024,0.7039313728766464
361,0.1,3,2,1,0.07520389611785337,472.300265547633,0.7029807898831074
362,0.1,3,2,2,0.06535795378169776,472.2367604752456,0.7045835752109003
363,0.1,3,2,3,0.0734880911099932,472.7357550998015,0.704947884332869
364,0.1,3,2,4,0.07401566342373002,471.9549363299777,0.7039244667061452
365,0.1,3,2,5,0.06360207808703389,471.809315803364,0.7017172186938717
366,0.1,3,2,6,0.05894671829501741,472.2477722321972,0.7043574891558007
367,0.1,3,2,7,0.0776795092202918,472.4137981610393,0.7065574937357347
368,0.1,3,2,8,0.06560963035208783,472.1983920480622,0.7025384374008895
369,0.1,3,2,9,0.06235835737468435,471.65691586029214,0.7019412972039788
370,0.1,3,3,0,0.07031072005341084,482.42887970655715,0.7241919514619563
371,0.1,3,3,1,0.05764653638775751,482.16075348440796,0.7237430519660887
372,0.1,3,3,2,0.06834728505685485,481.74372088842387,0.7225250462771466
373,0.1,3,3,3,0.07417439016003781,482.2459338010151,0.7241133415765931
374,0.1,3,3,4,0.05238737547708892,482.4038690160271,0.7265624161147838
375,0.1,3,3,5,0.06300935012740425,482.0316340139354,0.7226830622621391
376,0.1,3,3,6,0.04886742481990936,482.33399315681345,0.7265683499928062
377,0.1,3,3,7,0.06007238270641547,482.36948688563615,0.7228784434688779
378,0.1,3,3,8,0.06051025908667793,481.8138657155824,0.7224343616546655
379,0.1,3,3,9,0.07161723745835911,481.935575708262,0.7241152131738843
380,0.1,3,4,0,0.07166004673698934,486.7215137137237,0.7326688376051997
381,0.1,3,4,1,0.07038444449770344,486.53467845858296,0.7329867948843516
382,0.1,3,4,2,0.06983714081936752,486.68990784182125,0.7332022583758695
383,0.1,3,4,3,0.07785278858986143,486.4918518706557,0.7329400873802423
384,0.1,3,4,4,0.06097386008310852,486.3355318723954,0.732922759948856
385,0.1,3,4,5,0.062268406722738624,487.2753396971193,0.7346687044297747
386,0.1,3,4,6,0.0678245583429034,486.78745493551236,0.7328592775128593
387,0.1,3,4,7,0.06419451914111436,486.69034716594314,0.732654923863603
388,0.1,3,4,8,0.06465015606361851,485.85563072929057,0.7308160006180499
389,0.1,3,4,9,0.07527225894500204,486.5864125169076,0.7333646457096048
390,0.1,3,5,0,0.0740939974873379,486.0042617469187,0.7316928174330005
391,0.1,3,5,1,0.07460007958706681,487.21440127032747,0.7357326494383069
392,0.1,3,5,2,0.07481064631393829,487.38150368606256,0.7353308202888487
393,0.1,3,5,3,0.07560377872764003,486.2571488003811,0.7341202972880824
394,0.1,3,5,4,0.0685965748517004,486.8698145580218,0.7326678189021633
395,0.1,3,5,5,0.07458287384768257,486.96524883229785,0.73565633758124
396,0.1,3,5,6,0.07311944495198137,485.858891000576,0.7331059275695471
397,0.1,3,5,7,0.06869360505191269,486.9171229612379,0.7347867416712018
398,0.1,3,5,8,0.07402894516619256,486.2390212688151,0.7323388887910506
399,0.1,3,5,9,0.0703694801228008,486.4206540831563,0.7330855757808562
400,0.25,0,1,0,-0.2012721915467159,368.4893430472226,0.5552338104410287
401,0.25,0,1,1,-0.1655713637921327,368.2366862151098,0.5555043043229533
402,0.25,0,1,2,-0.2229879742197093,366.1470508080137,0.5505152208579119
403,0.25,0,1,3,-0.17106193305150452,363.6315904486452,0.5467582628497059
404,0.25,0,1,4,-0.16265601920699443,360.8046044667479,0.5426937846656507
405,0.25,0,1,5,-0.181817227791908,364.2272384230969,0.5480798050900649
406,0.25,0,1,6,-0.19145275348890076,366.8843297096248,0.550626598086173
407,0.25,0,1,7,-0.14455180917609753,366.9496400778117,0.5542952578151829
408,0.25,0,1,8,-0.18007490536247447,366.66260482872,0.5543520536128738
409,0.25,0,1,9,-0.1611115752664688,366.3401537237227,0.5518721818796525
410,0.25,0,2,0,-0.33787639791034335,257.12918930094685,0.3698832099836095
411,0.25,0,2,1,-0.29432040633386813,264.41195275338794,0.37970051122943965
412,0.25,0,2,2,-0.2214218600658734,260.1528459152302,0.37792611604216697
413,0.25,0,2,3,-0.26689237382889625,267.0443716410865,0.38834896626758636
414,0.25,0,2,4,-0.2188415971633905,257.5359684840878,0.372413689349877
415,0.25,0,2,5,-0.19787374446748818,265.28577119546145,0.389391740215169
416,0.25,0,2,6,-0.2250090201308648,265.4306864001732,0.38483264296244474
417,0.25,0,2,7,-0.26077201112043696,267.9061586414044,0.3866913232354355
418,0.25,0,2,8,-0.2890362680920978,262.68287324103886,0.3789979267071731
419,0.25,0,2,9,-0.19163126329883226,270.5732023643857,0.39519317823658556
420,0.25,0,3,0,-0.19043940517787802,209.50231819339243,0.30885709287176955
421,0.25,0,3,1,-0.1525426339685727,213.44878219434244,0.3162734670745884
422,0.25,0,3,2,-0.237163472462933,202.20376609874947,0.2942166933503843
423,0.25,0,3,3,-0.09790961007499971,220.76609104408956,0.32698197860215195
424,0.25,0,3,4,-0.08054585233304777,229.9839560910283,0.34801905288638896
425,0.25,0,3,5,-0.1528091019187274,221.72247779655243,0.32503426167237603
426,0.25,0,3,6,-0.15473760011881219,216.76744332624094,0.3209256465266944
427,0.25,0,3,7,-0.2734424185869462,202.17040987986124,0.2938324853132339
428,0.25,0,3,8,-0.2088339751180259,199.29415797000465,0.2934733011392588
429,0.25,0,3,9,-0.12940233450971686,204.28531305230453,0.3031155325666631
430,0.25,0,4,0,0.047362066387889035,192.39269574134264,0.2949475225687453
431,0.25,0,4,1,-0.019671183503320182,217.54690263654274,0.3318915058094398
432,0.25,0,4,2,0.05886269551821765,193.50450062293567,0.29004474846504824
433,0.25,0,4,3,-0.02674348669195838,180.47536537693114,0.2697398881802225
434,0.25,0,4,4,-0.05987340247856111,185.30615345304452,0.28098917247506605
435,0.25,0,4,5,-0.044621873942039224,177.49298497160422,0.2635977902597514
436,0.25,0,4,6,-0.00502605328234144,201.31490193753322,0.3053091377885991
437,0.25,0,4,7,0.10327782288333563,195.00152488501453,0.3004360772221768
438,0.25,0,4,8,0.09934907034178964,205.26807640166308,0.30513341421879653
439,0.25,0,4,9,-0.07243761118333228,177.2429663228739,0.2626629391317065
440,0.25,0,5,0,0.0547775656161543,179.20622981024135,0.27185004076469627
441,0.25,0,5,1,0.06764192196980981,193.61499846619384,0.29367084655597664
442,0.25,0,5,2,0.05172080747202366,176.5540481383357,0.2629448423109619
443,0.25,0,5,3,0.17053770412089322,183.91779427707093,0.27964352193630965
444,0.25,0,5,4,0.1632186569913365,198.08765069429683,0.304364900501676
445,0.25,0,5,5,0.06726813283361056,181.05738608286788,0.2774063936336513
446,0.25,0,5,6,0.24343961940263728,207.8317397326518,0.31775546407803285
447,0.25,0,5,7,0.1864227817735932,221.22078521432493,0.3434781958595776
448,0.25,0,5,8,0.16839723763725423,193.82760929850383,0.29843939233275923
449,0.25,0,5,9,0.23080908694497007,201.35300628575135,0.3096328311710043
450,0.25,1,1,0,-0.018786117823625294,404.4305313027874,0.6084865905068
451,0.25,1,1,1,-0.01384571773768935,405.5579501237988,0.609174513288107
452,0.25,1,1,2,-0.0023809865012968585,403.01893950567137,0.603968321054794
453,0.25,1,1,3,-0.02803959686369949,404.37430192970857,0.6078853209568877
454,0.25,1,1,4,-0.017092633340985257,405.26575374611053,0.6103902832761161
455,0.25,1,1,5,-0.038976606205203976,403.3158365523944,0.6042786031516352
456,0.25,1,1,6,-0.02446860160173681,403.0475650388423,0.6040252883576792
457,0.25,1,1,7,-0.037023398920711124,403.76568429443915,0.605153234907623
458,0.25,1,1,8,-0.0059044380152561094,403.0197755566935,0.605406177325752
459,0.25,1,1,9,0.00045553761142535257,403.8307467318539,0.6087050195900429
460,0.25,1,2,0,-0.08123259183875958,358.0607874842183,0.5295389304281041
461,0.25,1,2,1,-0.08235659170081483,356.5816491114588,0.5254483617977476
462,0.25,1,2,2,-0.09824713464156266,355.21563368055416,0.5222989739362847
463,0.25,1,2,3,-0.08646478275209862,358.4358027588856,0.5296429558250974
464,0.25,1,2,4,-0.09218240339247863,354.9365459342361,0.5221664795033673
465,0.25,1,2,5,-0.0882089375693249,358.1151450072914,0.5286568431848276
466,0.25,1,2,6,-0.0701082382033872,355.9203101888811,0.5256890037623936
467,0.25,1,2,7,-0.08636718742410097,354.4702733680377,0.520582807274922
468,0.25,1,2,8,-0.09970228963337115,353.0273781982593,0.5191533353223036
469,0.25,1,2,9,-0.09333040101054257,354.75150835428,0.5228032554266909
470,0.25,1,3,0,-0.035406703028394874,323.51914502841805,0.46922432510776774
471,0.25,1,3,1,-0.10312177206396651,323.7300085102325,0.4683834130267741
472,0.25,1,3,2,-0.06084537529752295,325.93825349820503,0.46980228217509534
473,0.25,1,3,3,-0.04458344572883827,323.47973594262027,0.4665420456935901
474,0.25,1,3,4,-0.07283882775086288,322.80288585424177,0.4664459094226932
475,0.25,1,3,5,-0.08397729916624326,328.82446662901026,0.47553734311379153
476,0.25,1,3,6,-0.05006208057563277,325.9728581390854,0.47274976251540085
477,0.25,1,3,7,-0.04970946922209222,324.4780309354656,0.4671963157500481
478,0.25,1,3,8,-0.0901060775911718,323.9435546852292,0.46800820416683003
479,0.25,1,3,9,-0.07430806675808616,322.48256062218707,0.4647519940215945
480,0.25,1,4,0,-0.05543038065135101,303.5679381660843,0.4256436813451295
481,0.25,1,4,1,-0.007577302864390734,303.7424508214895,0.4248606338046801
482,0.25,1,4,2,-0.000558586395706937,305.82630142305817,0.4292876168699034
483,0.25,1,4,3,-0.019247562562039938,305.75582563264396,0.4276220670066058
484,0.25,1,4,4,0.009049558033691523,304.68802516067075,0.4243199902223795
485,0.25,1,4,5,-0.03305661480325939,307.23188657953625,0.4319279003087149
486,0.25,1,4,6,-0.04509288013566001,308.1130579657771,0.43446922899984125
487,0.25,1,4,7,-0.03745286020210948,307.6513790272601,0.4342207635675815
488,0.25,1,4,8,-0.03351282513926317,308.87002348841753,0.4363934064917598
489,0.25,1,4,9,0.019896063466245357,308.65498642928213,0.4364675166932053
490,0.25,1,5,0,0.00021252222233148163,296.30579378205005,0.4076271772999882
491,0.25,1,5,1,0.0070104390638052695,297.8269646040901,0.4092855993744961
492,0.25,1,5,2,0.002543670844041883,297.02928072565817,0.4099866757430998
493,0.25,1,5,3,0.03114985619928699,296.0496928715178,0.40440937862443843
494,0.25,1,5,4,0.0117523938823742,294.1852751454208,0.4019696211932695
495,0.25,1,5,5,0.02203166787744494,296.0735280017656,0.4101402163519723
496,0.25,1,5,6,0.002011723053136507,301.1540339567554,0.4183707610683827
497,0.25,1,5,7,0.012688050024448026,296.8479393652638,0.4090901012782622
498,0.25,1,5,8,0.02956367900918162,300.47116929597524,0.41613315656951205
499,0.25,1,5,9,0.03510034514378276,297.6956776583041,0.4098137239117718
500,0.25,2,1,0,0.04916036878542302,437.4999842371667,0.6473574383303702
501,0.25,2,1,1,0.038991347807597124,438.8864006010123,0.6509469327831968
502,0.25,2,1,2,0.03816752301208287,436.55182686272656,0.6458681000358388
503,0.25,2,1,3,0.02812495997707438,437.53588664772184,0.6484877801252104
504,0.25,2,1,4,0.057960271926232126,436.9252846443839,0.6486299960376546
505,0.25,2,1,5,0.032013475607553264,436.5957989312216,0.6458908540301075
506,0.25,2,1,6,0.033908371955174765,437.0808406227854,0.6476823988987191
507,0.25,2,1,7,0.03123281119844915,436.86816712824753,0.646042512236994
508,0.25,2,1,8,0.04681354830205751,436.39900624408614,0.6458626029091107
509,0.25,2,1,9,0.029276115953378878,435.9317837077537,0.6436232562669894
510,0.25,2,2,0,0.05245758543835221,430.8195811577637,0.6349167485996695
511,0.25,2,2,1,0.045523206274762966,429.1713370103186,0.6322609080990461
512,0.25,2,2,2,0.08010604734827349,430.8614393414989,0.6376401239792142
513,0.25,2,2,3,0.07220009484350522,428.9108779815444,0.6333207994896587
514,0.25,2,2,4,0.0804989398328304,429.5459002785578,0.6338689641074239
515,0.25,2,2,5,0.06508354360226153,430.09513584665,0.6328675937066105
516,0.25,2,2,6,0.08138191376880784,431.5822416444055,0.6408269032758444
517,0.25,2,2,7,0.06983572018097146,429.67849776123256,0.6332576589262674
518,0.25,2,2,8,0.08624552994405305,430.28210689951965,0.6353458384302743
519,0.25,2,2,9,0.06801163863000387,430.6991712491304,0.6341353765428025
520,0.25,2,3,0,0.09015673184534939,428.38719778104587,0.6271874456388038
521,0.25,2,3,1,0.11070389783622485,428.6224547444329,0.6283628477687149
522,0.25,2,3,2,0.07722941030015391,426.97504720266943,0.6208835365235515
523,0.25,2,3,3,0.08917865422893467,428.4170175215106,0.6270293237474638
524,0.25,2,3,4,0.08609757504552608,427.93115074975475,0.623674505855681
525,0.25,2,3,5,0.1000622689790958,428.9215775879239,0.6278816507658239
526,0.25,2,3,6,0.09334935751505413,428.10250275893344,0.6251611586678478
527,0.25,2,3,7,0.08721434348224698,428.3957102516328,0.6268308928748384
528,0.25,2,3,8,0.1156970286641143,428.2662635529137,0.6283933882831204
529,0.25,2,3,9,0.11126937647997472,428.23121509758283,0.6277091593317333
530,0.25,2,4,0,0.07304090214938419,427.13587347207186,0.6123711058847282
531,0.25,2,4,1,0.10979878624203182,426.3384210348234,0.6167643485467876
532,0.25,2,4,2,0.09509190242450556,427.1597249626739,0.6171889736485552
533,0.25,2,4,3,0.08979420429790325,425.67984378091654,0.6098683579014068
534,0.25,2,4,4,0.08275533967746813,426.97720874060286,0.6121864593573259
535,0.25,2,4,5,0.11612559230099323,428.4806020359503,0.6237048695053663
536,0.25,2,4,6,0.09721931497725954,427.44455041872317,0.6172757506391903
537,0.25,2,4,7,0.09186279698204146,427.5373654673155,0.6150016926960972
538,0.25,2,4,8,0.11326517433032546,427.53011324912933,0.6194341682792127
539,0.25,2,4,9,0.09538062604245955,426.11988093257537,0.612948348818633
540,0.25,2,5,0,0.11740160798581654,428.0504200575465,0.6183342520431884
541,0.25,2,5,1,0.10334914920944836,429.8670555236234,0.6247171199935538
542,0.25,2,5,2,0.05356670538575361,427.1911868310811,0.6208572933959586
543,0.25,2,5,3,0.08437548993198563,425.5328647323638,0.6071514466207887
544,0.25,2,5,4,0.05950177898871691,427.74730537181523,0.6204876727720529
545,0.25,2,5,5,0.10586974645596836,427.1381939173522,0.6117500399800148
546,0.25,2,5,6,0.05566667527263869,428.0657484471301,0.6193681677126973
547,0.25,2,5,7,0.10522049280824192,426.19546661233295,0.6112941714316201
548,0.25,2,5,8,0.0469223505735861,427.19271607046176,0.6207058928849198
549,0.25,2,5,9,0.10212737008290956,426.42802732670003,0.6097336693054524
550,0.25,3,1,0,0.05504794000329808,459.0915387829469,0.6737709079977514
551,0.25,3,1,1,0.07246178939093921,459.70311496906515,0.6781446006283701
552,0.25,3,1,2,0.054337573755497415,459.1153800716625,0.6735761647888593
553,0.25,3,1,3,0.05035782331434582,459.1028504343778,0.6720533686497824
554,0.25,3,1,4,0.050867561718925126,459.6796952885541,0.6751761943894369
555,0.25,3,1,5,0.04420796565141025,459.54048634890995,0.6731296462818204
556,0.25,3,1,6,0.05620136537045798,459.50616288953216,0.6740302502304916
557,0.25,3,1,7,0.05833090068842547,459.30403941608625,0.6741227719292261
558,0.25,3,1,8,0.06178324211428269,458.4420558490821,0.6698746212357646
559,0.25,3,1,9,0.0487263526018219,459.1193418080963,0.6717295025148099
560,0.25,3,2,0,0.06120338754095042,472.4782304407786,0.70419200158979
561,0.25,3,2,1,0.06901017579978343,472.56359146888923,0.7052406539562447
562,0.25,3,2,2,0.06100818849382022,472.64439181566473,0.7050879662990533
563,0.25,3,2,3,0.06176087011633152,472.3904863479679,0.7047735500611906
564,0.25,3,2,4,0.06447816540848818,472.53370664865247,0.7033461707027038
565,0.25,3,2,5,0.08178042284903014,472.40023141601006,0.7058624470649774
566,0.25,3,2,6,0.060423492928685575,472.63444954080904,0.7054461955212612
567,0.25,3,2,7,0.06052420856236886,472.81231242727534,0.7055800503302273
568,0.25,3,2,8,0.05612124590756063,472.25517887386167,0.7026875563853064
569,0.25,3,2,9,0.07220144777029704,472.94592822861523,0.7055343858043291
570,0.25,3,3,0,0.060956665667296635,483.0988402835391,0.7251388802201957
571,0.25,3,3,1,0.06630927649331768,483.49566601193345,0.7270526146149755
572,0.25,3,3,2,0.06654031573419124,482.47802440448004,0.7239528310724702
573,0.25,3,3,3,0.05952620836127156,482.80057005866917,0.7248733732202769
574,0.25,3,3,4,0.06869303631099684,482.7634967644901,0.7252597461578625
575,0.25,3,3,5,0.07041262404649078,482.95543405143127,0.7253619143441545
576,0.25,3,3,6,0.059930404184674164,482.69753378227296,0.7240230121440767
577,0.25,3,3,7,0.07964915891828171,482.64962078360605,0.7254128212611531
578,0.25,3,3,8,0.06639166968090303,482.7993978485904,0.7242534955023805
579,0.25,3,3,9,0.06779159247693524,482.49655786884676,0.7240993331392348
580,0.25,3,4,0,0.07591093365566072,488.11735570394336,0.7376875227406398
581,0.25,3,4,1,0.06839326608704495,488.255652198676,0.7372672697730523
582,0.25,3,4,2,0.07400504747687149,487.9018889870379,0.7361624771825618
583,0.25,3,4,3,0.061496065106321045,487.6548014567558,0.7329565703594222
584,0.25,3,4,4,0.053067321262815326,487.7914118756946,0.7360850761625306
585,0.25,3,4,5,0.061747105389041025,488.05705500703465,0.7348880992882628
586,0.25,3,4,6,0.06444688208088316,488.196060878234,0.7342616312012695
587,0.25,3,4,7,0.06580136988034224,488.15001051665314,0.7355014875771072
588,0.25,3,4,8,0.0581251774047144,488.1699203668697,0.7349262962027842
589,0.25,3,4,9,0.05932174895214301,488.20990824979884,0.7351088776151
590,0.25,3,5,0,0.07067916537203149,488.1945553405508,0.7358858900425078
591,0.25,3,5,1,0.07432671339500305,487.61410688038217,0.7359525488390642
592,0.25,3,5,2,0.06876044943956726,488.1450445344635,0.7359667696369829
593,0.25,3,5,3,0.06952522070380433,488.20094030462377,0.736557275833044
594,0.25,3,5,4,0.06921600971675472,488.6591241122665,0.7377831497726253
595,0.25,3,5,5,0.07430328943426726,487.8198458622532,0.7353674033399279
596,0.25,3,5,6,0.06320564267715086,488.90772412574387,0.7362332229996564
597,0.25,3,5,7,0.0609956202813175,487.53206635888404,0.7343544048332541
598,0.25,3,5,8,0.06980525657424294,488.43406419856814,0.7358664800580336
599,0.25,3,5,9,0.06926060190723875,488.77585800784846,0.7375290014821335
600,0.5,0,1,0,-0.17244858779439456,365.0234745941445,0.5515766108646525
601,0.5,0,1,1,-0.16744767630500848,364.9268071980412,0.5500089965178664
602,0.5,0,1,2,-0.22326327916613065,361.18282614244566,0.5442991332843619
603,0.5,0,1,3,-0.19678386031057213,364.1263807353152,0.5464856582986775
604,0.5,0,1,4,-0.186113049065629,366.4704550153236,0.5499991876718577
605,0.5,0,1,5,-0.22974039136894508,361.6602733506384,0.5434729936637137
606,0.5,0,1,6,-0.12149335305059812,366.3654053547535,0.5550444069733269
607,0.5,0,1,7,-0.1972185431655622,366.0939128929622,0.5497538370950495
608,0.5,0,1,8,-0.17127782985539042,361.25721420850005,0.5425683287457872
609,0.5,0,1,9,-0.23231195799182602,363.4579088506466,0.545426813719828
610,0.5,0,2,0,-0.30782907951315347,270.33039028533625,0.3927587559872785
611,0.5,0,2,1,-0.2091927375919551,267.90036090987593,0.38804560917146436
612,0.5,0,2,2,-0.3212703965981821,263.60638459505117,0.38077690687092164
613,0.5,0,2,3,-0.29695259593858153,262.14498779445955,0.3799548796231296
614,0.5,0,2,4,-0.2914141155674826,265.6138356642355,0.3831959278622117
615,0.5,0,2,5,-0.25953976584397326,264.137753847439,0.3827844564001901
616,0.5,0,2,6,-0.3066861406679745,264.5550620608861,0.38244502773653055
617,0.5,0,2,7,-0.30500140736421494,263.3111731690232,0.3803900930810056
618,0.5,0,2,8,-0.3082992777865843,261.75260631998714,0.37881123743120426
619,0.5,0,2,9,-0.27841472266433503,268.53196935080314,0.3910754230909899
620,0.5,0,3,0,-0.09980305356078358,216.32960640007732,0.3209580070030693
621,0.5,0,3,1,-0.21767739143617434,215.63234119213553,0.3187138683259745
622,0.5,0,3,2,-0.3699025720673192,198.01699915601094,0.28572709848852157
623,0.5,0,3,3,-0.14670817502385045,204.52103477177457,0.3026949160409211
624,0.5,0,3,4,-0.3602195945947997,199.72272993783827,0.28953606705270013
625,0.5,0,3,5,-0.31052932764126157,219.173035041673,0.3207260528737766
626,0.5,0,3,6,-0.1812127443343228,208.97541467824632,0.30683629007338276
627,0.5,0,3,7,-0.08746432882277468,221.21011192991773,0.3273601591033615
628,0.5,0,3,8,-0.27070552748114657,208.09473079769032,0.303714455937309
629,0.5,0,3,9,-0.060589820072311944,225.17059246625158,0.3345407268906641
630,0.5,0,4,0,0.08086350517890366,194.62488692421934,0.2995100782203761
631,0.5,0,4,1,0.02337636773462252,197.41172388860332,0.2995032932080773
632,0.5,0,4,2,0.15122823353302536,203.2214030749641,0.31200129951192823
633,0.5,0,4,3,0.14516966125376646,212.3747351644852,0.3237248500557591
634,0.5,0,4,4,-0.0055664954205480455,199.8356533568443,0.3000634607266422
635,0.5,0,4,5,-0.007440144506468053,184.0118345739139,0.27579159113986496
636,0.5,0,4,6,-0.12447742364677129,171.86589017010235,0.2536118301186526
637,0.5,0,4,7,-0.032032176366027974,184.17302285754317,0.2810885371111602
638,0.5,0,4,8,-0.11712121716664807,155.74130221940092,0.2319417127952781
639,0.5,0,4,9,0.09622153940315033,204.09391742765652,0.3102437093669595
640,0.5,0,5,0,0.1292336684142035,190.14351346870208,0.29027015749570956
641,0.5,0,5,1,0.19341141031832046,200.63286370728179,0.3009689830282754
642,0.5,0,5,2,0.08563415259249914,197.7496723419478,0.3059408399788361
643,0.5,0,5,3,0.19102425937496217,211.08407368997527,0.3278550565508745
644,0.5,0,5,4,0.00597039264851873,183.75845831264428,0.27591893938016493
645,0.5,0,5,5,0.09476967021834128,190.62128481547515,0.29196093714808646
646,0.5,0,5,6,0.2073398932565671,222.8607157388984,0.3419582809457083
647,0.5,0,5,7,0.08174089038645127,172.45655997365535,0.26290315039244194
648,0.5,0,5,8,0.1384228663663659,216.19349018168907,0.33240970881016924
649,0.5,0,5,9,0.03663682939016847,184.7659501730667,0.2835123148861472
650,0.5,1,1,0,0.026569687658978058,405.6362969535412,0.6123114910294275
651,0.5,1,1,1,-0.010102089371608468,403.7730446962707,0.6071839958805471
652,0.5,1,1,2,-0.002495225024666445,404.3443926947629,0.6070546905103423
653,0.5,1,1,3,-0.04013971215901825,403.47246780667047,0.6039852198835076
654,0.5,1,1,4,-0.031740916315524274,404.88359812496816,0.6086602924173539
655,0.5,1,1,5,-0.020149633193910537,404.64695784973395,0.6072527300818712
656,0.5,1,1,6,-0.058605920317758374,402.11010490778057,0.604000686654548
657,0.5,1,1,7,-0.016752712640444426,403.5307797038506,0.6058544747463822
658,0.5,1,1,8,-0.024002933280816305,402.3929883977873,0.6035461017136862
659,0.5,1,1,9,-0.027714964694747015,403.1091374825298,0.604864192876116
660,0.5,1,2,0,-0.08844389168459972,354.83672050234685,0.5212586544446337
661,0.5,1,2,1,-0.09616649111561472,355.6105272716765,0.5228544262416164
662,0.5,1,2,2,-0.07590573384185216,355.2717022674153,0.5217951835753974
663,0.5,1,2,3,-0.09481329446511404,353.5161478442198,0.5198676133731969
664,0.5,1,2,4,-0.06591205291632563,357.51065088736004,0.5271827465167825
665,0.5,1,2,5,-0.06059905516908746,357.6014043583437,0.5277274724069047
666,0.5,1,2,6,-0.11075165263109683,352.72382315271835,0.519508912901001
667,0.5,1,2,7,-0.10141592473857454,356.0235748544849,0.5239673996386703
668,0.5,1,2,8,-0.13668438053489493,354.61242385546416,0.52429621768285
669,0.5,1,2,9,-0.11032162937827998,354.13679637363407,0.5230109067795908
670,0.5,1,3,0,-0.07643222492428255,326.95641221156234,0.4724401517916396
671,0.5,1,3,1,-0.06792938646358253,327.1777619188924,0.47700525431153706
672,0.5,1,3,2,-0.0478518768516021,323.8749390874111,0.468245399252683
673,0.5,1,3,3,-0.05341551843807051,324.02853442841507,0.4684039700730203
674,0.5,1,3,4,-0.02217637013258339,326.6712695219663,0.47362553130670976
675,0.5,1,3,5,-0.06712129150637182,326.0491162015753,0.4714683613098458
676,0.5,1,3,6,-0.05898071865079247,325.75414989879044,0.4690495339005564
677,0.5,1,3,7,-0.06546166380910008,327.09324557601576,0.47370481066586684
678,0.5,1,3,8,-0.049220455311092336,324.51943749049786,0.4701040050218536
679,0.5,1,3,9,-0.08773559372134289,324.4909749162755,0.4687410757565431
680,0.5,1,4,0,-0.04407857666714871,307.8120215395352,0.4310091817799831
681,0.5,1,4,1,0.005687861533503845,307.9465421235869,0.43432321960488546
682,0.5,1,4,2,-0.027110811137829493,307.4569634844262,0.430042988526185
683,0.5,1,4,3,-0.03078551912822049,306.51465996201847,0.4302395551547073
684,0.5,1,4,4,-0.05329385058106689,309.19326739818877,0.437009385847747
685,0.5,1,4,5,0.001070373334156038,309.7335281643498,0.43780944420486906
686,0.5,1,4,6,-0.004009254918661821,305.7892605198792,0.4308110839091151
687,0.5,1,4,7,0.0012555936893964652,308.15116480546817,0.4336756113276228
688,0.5,1,4,8,-0.04306469878470467,306.2944043494598,0.43022566808859114
689,0.5,1,4,9,-0.04845002675168878,309.23271434360237,0.4366732459456088
690,0.5,1,5,0,0.0028783306222180047,297.36554499080563,0.4103524147661006
691,0.5,1,5,1,0.009217216084035125,298.94497964237684,0.41264428265155956
692,0.5,1,5,2,0.009227121094272447,299.752288037498,0.41621121907443853
693,0.5,1,5,3,-0.00518766422279802,298.76045865697057,0.4106990723469033
694,0.5,1,5,4,0.007605943372697758,299.04166938134887,0.41250245829395893
695,0.5,1,5,5,0.036240134916221016,301.6484652538427,0.4197009985024438
696,0.5,1,5,6,0.023625830230726994,300.2887726305587,0.4161640642005789
697,0.5,1,5,7,0.015080979401975702,296.56937107394424,0.4049373155963778
698,0.5,1,5,8,-9.08430998069453e-06,298.8027178436875,0.41145507065943426
699,0.5,1,5,9,0.051037853270279016,300.36847676111915,0.4171299678023366
700,0.5,2,1,0,0.042666108668692415,437.04154608636435,0.6479419975075286
701,0.5,2,1,1,0.054135929376216585,437.4438013529087,0.6486969984854954
702,0.5,2,1,2,0.0314109309758415,437.6404279238809,0.6472009525959422
703,0.5,2,1,3,0.036642054204734785,437.0221827475034,0.6457573815063868
704,0.5,2,1,4,0.055548662262592974,437.23130573501567,0.6475406661219905
705,0.5,2,1,5,0.03416828168232155,436.57509743577367,0.6470975313949071
706,0.5,2,1,6,0.05527712604369467,437.00466960764516,0.6477122774541783
707,0.5,2,1,7,0.038544984953806295,436.1646742451024,0.6441786563404389
708,0.5,2,1,8,0.038262099102124324,436.7050938271548,0.6459531940000609
709,0.5,2,1,9,0.04822538122899206,437.0929659270187,0.6475048961697457
710,0.5,2,2,0,0.07099344327943169,429.6008269613081,0.6345239793544956
711,0.5,2,2,1,0.05318038625334779,429.6359256807052,0.632605270161359
712,0.5,2,2,2,0.07203225509316366,429.39376038159804,0.6332516188089056
713,0.5,2,2,3,0.06094600029898308,429.3373631732807,0.6331011410575963
714,0.5,2,2,4,0.04956502543623361,431.28207954430127,0.6372316408152369
715,0.5,2,2,5,0.06774294713654165,430.1759596617873,0.6339937140435185
716,0.5,2,2,6,0.07326353080344508,429.85026218020283,0.6337465527867395
717,0.5,2,2,7,0.06510732533011836,431.23382034266706,0.6369431346599106
718,0.5,2,2,8,0.07086899019443829,431.2528222928626,0.6375211062431244
719,0.5,2,2,9,0.06641164754773504,431.5021317448565,0.6362851018152808
720,0.5,2,3,0,0.09397952875327531,428.0378564972618,0.6248713945476903
721,0.5,2,3,1,0.09822141743949815,427.4349314185524,0.6235020074594001
722,0.5,2,3,2,0.10016794522894112,428.0815889376191,0.6258860323919073
723,0.5,2,3,3,0.10416740937020182,429.3848466775594,0.6300220936542925
724,0.5,2,3,4,0.11705889757843295,428.2279823073193,0.6269901279070899
725,0.5,2,3,5,0.0860549853085239,428.11691410150837,0.6234542115482545
726,0.5,2,3,6,0.07692275435487723,427.99056963479535,0.6247648322498223
727,0.5,2,3,7,0.09209540389006506,428.0523113212268,0.6275980576185131
728,0.5,2,3,8,0.0803264514662616,427.843168216845,0.6253933705109523
729,0.5,2,3,9,0.11022383688998431,427.7220382896987,0.6266622165858898
730,0.5,2,4,0,0.10607600006362772,427.92114733457515,0.6223352157973014
731,0.5,2,4,1,0.06971084957537126,426.39093251267485,0.6111321678273
732,0.5,2,4,2,0.10472014568499767,426.7077723387528,0.6191651233339648
733,0.5,2,4,3,0.11450072873965793,427.5245042829704,0.6198134804072306
734,0.5,2,4,4,0.1031946415977732,425.98263341324304,0.6180809726189972
735,0.5,2,4,5,0.08270536906944002,427.2146931031006,0.6134864272545303
736,0.5,2,4,6,0.11928996032010063,427.69506376154715,0.6221566874758253
737,0.5,2,4,7,0.10661461066334597,427.3390366687625,0.6166224987627383
738,0.5,2,4,8,0.08275230748782857,426.8065847832759,0.611529757053332
739,0.5,2,4,9,0.0922325430356869,426.322787832443,0.612546473530646
740,0.5,2,5,0,0.10629923177037785,425.9998728916103,0.6120140695744677
741,0.5,2,5,1,0.1022473885146195,426.2278010247026,0.6122243983044806
742,0.5,2,5,2,0.11573447932851331,426.25494470941265,0.6147710689291136
743,0.5,2,5,3,0.07105888160117842,425.93029574444944,0.6138654477342477
744,0.5,2,5,4,0.12742339315177834,427.6208555069708,0.6193222356283273
745,0.5,2,5,5,0.08079497065646331,427.00923709241306,0.6114321041851994
746,0.5,2,5,6,0.0763878444431218,427.7667502424625,0.6164061006380203
747,0.5,2,5,7,0.10241043521415179,426.34428243734686,0.6113616401570092
748,0.5,2,5,8,0.12345284337598846,427.5916337293141,0.6200070089978119
749,0.5,2,5,9,0.11147315688066588,426.01305607919954,0.610513967488202
750,0.5,3,1,0,0.05299137423743732,459.1473361149843,0.6741184161594084
751,0.5,3,1,1,0.04799036777088311,458.9816377775026,0.6724851226097677
752,0.5,3,1,2,0.054837490550830904,460.3642201398449,0.6789171023843205
753,0.5,3,1,3,0.05522932537451252,459.78705835931896,0.6744096818005457
754,0.5,3,1,4,0.040966417804877774,459.2095962408013,0.6734142583778074
755,0.5,3,1,5,0.04439451337309664,459.73577706815513,0.6737080102888865
756,0.5,3,1,6,0.05802348298427828,459.2454562590599,0.6750971414897163
757,0.5,3,1,7,0.04412640010182766,459.06272344511495,0.672928513529281
758,0.5,3,1,8,0.05606309762311689,459.4204442100169,0.6750222386798267
759,0.5,3,1,9,0.05001128651308765,459.2745127711756,0.6726907602978479
760,0.5,3,2,0,0.05989090050047533,472.4912047698909,0.7039822034903468
761,0.5,3,2,1,0.06392516440101086,472.35071148111,0.703630789956866
762,0.5,3,2,2,0.06478734818658656,472.3932234534364,0.7023041095810078
763,0.5,3,2,3,0.06174453980625038,472.82454210464886,0.702651688495464
764,0.5,3,2,4,0.07521678512540787,472.07734837374795,0.7047116852143916
765,0.5,3,2,5,0.06241911331077477,472.2781829640796,0.7032177597408479
766,0.5,3,2,6,0.07770534503828967,471.9242347498213,0.705104475773223
767,0.5,3,2,7,0.06927823135501471,472.6575220252752,0.7046493307115173
768,0.5,3,2,8,0.07462375863327318,472.3982787970279,0.703856314045566
769,0.5,3,2,9,0.07531686301419073,471.6297257670888,0.7027206843811777
770,0.5,3,3,0,0.06551815063454104,482.5069706104338,0.723772509512424
771,0.5,3,3,1,0.05606030998902702,482.6309075031101,0.7257690989146678
772,0.5,3,3,2,0.06847188051267716,482.8028884510409,0.724590206393633
773,0.5,3,3,3,0.05660372002547661,482.4367515831471,0.7233034560333457
774,0.5,3,3,4,0.06382322591956484,482.7754093338511,0.7230507336756885
775,0.5,3,3,5,0.07662777157758921,482.4487450524625,0.7261440268588415
776,0.5,3,3,6,0.06531784003849746,482.7301974196823,0.7237310003375051
777,0.5,3,3,7,0.07684556169739175,482.70693479426836,0.7253413324108248
778,0.5,3,3,8,0.07364638701599995,482.87654403281,0.7277212933931079
779,0.5,3,3,9,0.07048786217517607,482.6422380297706,0.7257966727039467
780,0.5,3,4,0,0.06354509517824301,488.41259067804805,0.7353794594972296
781,0.5,3,4,1,0.06288754028841512,487.5850398783252,0.7326159806647828
782,0.5,3,4,2,0.07078664209272169,488.2440344233501,0.7351767953559891
783,0.5,3,4,3,0.06361312383500152,487.6937728977354,0.7347146022646746
784,0.5,3,4,4,0.06177182826340614,488.35171134661897,0.7355810608448001
785,0.5,3,4,5,0.0727832506593533,488.0141209055837,0.734891409558303
786,0.5,3,4,6,0.06518120973152672,488.2846888733198,0.7350999334901763
787,0.5,3,4,7,0.06375643181785544,488.2592181009514,0.7348061920243696
788,0.5,3,4,8,0.05431306968771801,488.23690958185034,0.7344944938468657
789,0.5,3,4,9,0.06973359327211087,487.3457668240222,0.7327201553870828
790,0.5,3,5,0,0.07076121598874507,488.3573822178892,0.7372898825422863
791,0.5,3,5,1,0.0649807038602076,489.2405551641432,0.7381293711579584
792,0.5,3,5,2,0.0720928238671762,488.7713737785718,0.7364629682248136
793,0.5,3,5,3,0.0716406801220374,488.905120026626,0.737885378350986
794,0.5,3,5,4,0.06168091144849639,488.79916171333224,0.7369642462072313
795,0.5,3,5,5,0.06374320652918326,489.0325885559262,0.7365416742277416
796,0.5,3,5,6,0.05803981617938448,489.2153685845037,0.7382748596054841
797,0.5,3,5,7,0.06197685302696959,488.7746426030133,0.7365313472182566
798,0.5,3,5,8,0.0636858566078545,488.27496772491304,0.7357911098634555
799,0.5,3,5,9,0.06930063430004617,489.2368098145318,0.7365941047461512
