,ba_m,complex_spread_ratio,group_homophily,repetition,pearson,euclidean,mape
0,3,0.75,0.75,7,-0.5452577507836682,199.46615778296996,0.3047399172401706
1,3,0.75,0.75,8,-0.14737614328654988,186.52160243178074,0.2852041419263125
2,3,0.75,0.75,9,-0.054796841869475976,189.74940761854916,0.28858428055760277
3,3,0.9,0.75,7,,191.30204121945295,0.29217874741331756
4,3,0.9,0.75,8,,197.83408396820383,0.3025314639096009
5,3,0.9,0.75,9,,191.80022527293218,0.2920654593823983
6,3,0.9,0.75,0,,199.1156128903141,0.30585115875257957
7,3,0.9,0.75,1,,194.7644710705562,0.2996435146266355
8,3,0.9,0.75,2,,196.57616500624928,0.3016362509613671
9,3,0.9,0.75,3,,198.87785454820263,0.30864299316091737
10,3,0.9,0.75,4,,202.0026137013164,0.3104509031587746
11,3,0.9,0.75,5,,200.2381705717837,0.307900207791838
12,3,0.9,0.75,6,,194.81172143346382,0.29786086623033875
13,5,0.75,0.75,7,0.13835210761335384,198.86186531737283,0.3050315680095777
14,5,0.75,0.75,8,,193.20098269260674,0.297434695710667
15,5,0.75,0.75,9,-0.10573401188731842,198.83447879695646,0.30609427723451416
16,5,0.75,0.75,0,-0.07877242581575211,189.03444274290337,0.2883251952197026
17,5,0.75,0.75,1,0.260000660150344,189.8338418142887,0.290816773196876
18,5,0.75,0.75,2,,197.970254879992,0.3020485369233962
19,5,0.75,0.75,3,,198.52582842880477,0.3039084481809872
20,5,0.75,0.75,4,0.07615002169659002,199.03700254683451,0.3043814537955364
21,5,0.75,0.75,5,-0.13564508193848612,199.2839164412023,0.3057544836907919
22,5,0.75,0.75,6,-0.2308595917512426,192.79793212515892,0.29446451385061184
23,5,0.75,0.1,7,,192.59998467559208,0.29650093974879566
24,5,0.75,0.1,8,0.22411011717758286,201.2642502603634,0.30703791009539527
25,5,0.75,0.1,9,,199.96363080549543,0.3109456500116927
26,5,0.75,0.1,0,,205.48976525571229,0.31611700309966767
27,5,0.75,0.1,1,,190.78488335034578,0.2908719184641877
28,5,0.75,0.1,2,,194.45242812449547,0.29828003034477424
29,5,0.75,0.1,3,-0.10244003773093253,203.22727902347722,0.3122443183862789
30,5,0.75,0.1,4,,195.95709472728004,0.30163102097632344
31,5,0.75,0.1,5,,202.87428638554297,0.3113174457393504
32,5,0.75,0.1,6,,188.70806870660513,0.2861158504569745
33,5,0.75,0.25,7,,215.3236290265654,0.3310149131340176
34,5,0.75,0.25,8,-0.22088298950763074,205.63312074656494,0.3164486173360877
35,5,0.75,0.25,9,,201.13954124399535,0.3109227864445248
36,5,0.75,0.25,0,,180.08593933413428,0.2701890345990486
37,5,0.75,0.25,1,0.07450161113157798,180.44813609396115,0.2758426956724495
38,5,0.75,0.25,2,,193.7366881601239,0.2950731976670709
39,5,0.75,0.25,3,,206.36704431583817,0.317483571821704
40,5,0.75,0.25,4,-0.14979304620543984,171.9799561405364,0.2619808551671787
41,5,0.75,0.25,5,-0.1375404821672448,200.425856368862,0.30791155379267043
42,5,0.75,0.25,6,,201.3657448844523,0.30675568779395523
43,5,0.75,0.5,7,,188.7660071366423,0.2895601796695845
44,5,0.75,0.5,8,,188.62406001326846,0.2873176605867312
45,5,0.75,0.5,9,,201.35795221779452,0.30954279251479155
46,5,0.75,0.5,0,,191.6967446444539,0.29355479562320713
47,5,0.75,0.5,1,-0.21831820343668515,194.05502007307916,0.296436907727871
48,5,0.75,0.5,2,-0.020103852117613324,189.97408510203343,0.28821267227062203
49,5,0.75,0.5,3,0.20973997461541408,205.82102476066953,0.319260629685525
50,5,0.75,0.5,4,,204.5362132150228,0.31518869032279767
51,5,0.75,0.5,5,,190.84045853264195,0.2931065743089505
52,5,0.75,0.5,6,,195.8141553571106,0.2994709221283051
53,5,0.9,0.75,7,,206.97147377992914,0.3183564565748473
54,5,0.9,0.75,8,,207.5770114758574,0.31958334254921156
55,5,0.9,0.75,9,,196.86948756995184,0.30142029754367455
56,5,0.9,0.75,0,,189.58505004189007,0.28824201390926224
57,5,0.9,0.75,1,,191.40900351044743,0.29364504814494535
58,5,0.9,0.75,2,,188.63005783017664,0.28837946409834775
59,5,0.9,0.75,3,,204.39418003011738,0.3154727930534158
60,5,0.9,0.75,4,,193.47422232868692,0.2979946252543077
61,5,0.9,0.75,5,,191.61203614963765,0.2917804052690332
62,5,0.9,0.75,6,,207.42077795828837,0.32110349138790223
63,5,0.9,0.1,7,,196.50919728155273,0.3003900511895914
64,5,0.9,0.1,8,,195.29854581299523,0.2991015577378657
65,5,0.9,0.1,9,,198.09993867237213,0.3023696445738769
66,5,0.9,0.1,0,,210.71605671726397,0.32659756526171585
67,5,0.9,0.1,1,,206.88213886494546,0.3184902125855744
68,5,0.9,0.1,2,,172.83616728748362,0.2646813973635131
69,5,0.9,0.1,3,,205.2969147542813,0.312719688605288
70,5,0.9,0.1,4,,205.5937460632681,0.3193487512051347
71,5,0.9,0.1,5,,185.97570469464537,0.2838894927973547
72,5,0.9,0.1,6,,203.97435522127466,0.3160561930748905
73,5,0.9,0.25,7,,193.57659549869982,0.29504333683883543
74,5,0.9,0.25,8,,192.77559461572295,0.29332783785628985
75,5,0.9,0.25,9,,198.2138079415195,0.3035671237569662
76,5,0.9,0.25,0,,200.12361506123315,0.30700396944990077
77,5,0.9,0.25,1,,191.95571999408128,0.2925567143971884
78,5,0.9,0.25,2,,205.30698339209195,0.31824975347441575
79,5,0.9,0.25,3,,189.98108407921347,0.29201287842642515
80,5,0.9,0.25,4,,199.5842372704491,0.3034297161384689
81,5,0.9,0.25,5,,191.2698008239977,0.29100946765546654
82,5,0.9,0.25,6,,199.35374213464453,0.30501248317960444
83,5,0.9,0.5,7,,197.20900058758465,0.30037388939237686
84,5,0.9,0.5,8,,204.7609562569571,0.3149229045635027
85,5,0.9,0.5,9,,199.48401382001012,0.3080055742772302
86,5,0.9,0.5,0,,207.46261872685946,0.3209079322981514
87,5,0.9,0.5,1,,208.7742023915755,0.32104507157510787
88,5,0.9,0.5,2,,189.95802552273628,0.2876699062225381
89,5,0.9,0.5,3,,192.59181423314246,0.2947409437337265
90,5,0.9,0.5,4,,189.22114292029133,0.2884400074382904
91,5,0.9,0.5,5,,190.25876415183245,0.29132339403442997
92,5,0.9,0.5,6,,181.96372416918425,0.27724543789471817
93,5,0.05,0.75,7,0.07461680767717475,227.44598718507515,0.31882997861956813
94,5,0.05,0.75,8,0.068169788994266,217.09509315496473,0.3004765519114667
95,5,0.05,0.75,9,0.10679963438460534,214.22856318041977,0.29672588467483707
96,5,0.05,0.75,0,0.06634139842407459,222.2390738151353,0.307373247469732
97,5,0.05,0.75,1,0.062388877173960945,227.64669552347917,0.31502233214201153
98,5,0.05,0.75,2,0.05497390212326511,238.07414887665936,0.34107183374571964
99,5,0.05,0.75,3,-0.0008113404713391467,246.74796717627996,0.3557577401861201
100,5,0.05,0.75,4,0.061569026399375774,240.0085060401542,0.3376709716818373
101,5,0.05,0.75,5,0.07943582695881032,224.47136154574093,0.3146256201597746
102,5,0.05,0.75,6,0.09762996188165259,216.26090623371735,0.29606337730258087
103,5,0.05,0.1,7,0.13300258182450253,242.032091158012,0.32501527857949386
104,5,0.05,0.1,8,-0.05027315991250161,266.9576522393815,0.36881660010581996
105,5,0.05,0.1,9,0.02003535322323498,258.2896098687933,0.3554358679732652
106,5,0.05,0.1,0,0.014118426776274352,266.8989551225905,0.370312564692796
107,5,0.05,0.1,1,0.14699265720745744,225.09053386870133,0.28994390223105987
108,5,0.05,0.1,2,0.1140367980992489,236.5281152237816,0.3167249990324901
109,5,0.05,0.1,3,0.12177557700309849,264.62412785651634,0.3628355827956049
110,5,0.05,0.1,4,0.043458681255723414,271.87541446058316,0.3783570229134779
111,5,0.05,0.1,5,0.10989497748625192,242.53524966673766,0.324442138493333
112,5,0.05,0.1,6,0.04044489897426302,265.1668199337085,0.36354937237210777
113,5,0.05,0.25,7,0.03733422415765123,239.8944710705812,0.3317033103868865
114,5,0.05,0.25,8,0.05135881924088546,207.36600201330964,0.2810728041633227
115,5,0.05,0.25,9,0.11151758527034776,232.3158656672521,0.3155413879695201
116,5,0.05,0.25,0,0.07684522999620863,227.19753380528383,0.31361783537406146
117,5,0.05,0.25,1,0.008028194010205584,228.97270935024835,0.3106831768588636
118,5,0.05,0.25,2,0.08844870054338472,245.3316663028676,0.3449128505131511
119,5,0.05,0.25,3,0.06932197701018063,231.85199358236056,0.31420374100801385
120,5,0.05,0.25,4,0.0559838648898609,237.67657323645255,0.33365813859625354
121,5,0.05,0.25,5,0.0917112812413729,215.8162325988612,0.289226866218729
122,5,0.05,0.25,6,0.05328433765882382,256.3675227648491,0.36229931186950104
123,5,0.05,0.5,7,0.12341617273776173,231.47278118365512,0.32208157259528397
124,5,0.05,0.5,8,0.08532970093118358,232.04227937642187,0.32510489009574844
125,5,0.05,0.5,9,0.05611990763564362,234.95135023380513,0.32901526309995394
126,5,0.05,0.5,0,0.12376199791274532,227.11180632404148,0.30978556999322565
127,5,0.05,0.5,1,0.10835487064767864,225.6646121114339,0.3118819436878264
128,5,0.05,0.5,2,0.10242395387255278,228.7498097191633,0.31579522496099743
129,5,0.05,0.5,3,0.08480616846756474,236.85900541161686,0.33246277115847883
130,5,0.05,0.5,4,0.06344543306458562,222.2195828619629,0.3085415787205248
131,5,0.05,0.5,5,0.09326090529046188,222.49183237127727,0.3048780915671642
132,5,0.05,0.5,6,0.07243844719158868,223.25878249390726,0.30974106717853267
133,5,0.1,0.75,7,0.09901326397893466,212.71948568411267,0.2953432727702216
134,5,0.1,0.75,8,0.027072572586949232,217.4031200496685,0.3009612331377733
135,5,0.1,0.75,9,0.06336050832839728,217.10629602439738,0.2995482077080625
136,5,0.1,0.75,0,0.08225524568578206,218.39038954392643,0.3042869236613376
137,5,0.1,0.75,1,0.019107654370338827,231.74208152958704,0.3258460692777257
138,5,0.1,0.75,2,0.07437690695672004,230.66895741489358,0.32552120178018873
139,5,0.1,0.75,3,0.048721405659692164,222.01602666923773,0.30730110259698123
140,5,0.1,0.75,4,0.09279999526177307,216.0524510125001,0.29380320511621544
141,5,0.1,0.75,5,0.0728545137135919,202.31295862758043,0.27345321082333224
142,5,0.1,0.75,6,0.07939554258663085,212.21163999903527,0.2902979128132097
143,5,0.1,0.1,7,0.15507330604203912,225.50697381812984,0.28429162251226425
144,5,0.1,0.1,8,0.06238256651220755,228.65018017712057,0.301903169246158
145,5,0.1,0.1,9,0.1266969736022501,241.6781843957359,0.31700702299276545
146,5,0.1,0.1,0,0.0856138912641397,227.54391462887688,0.2918291873313343
147,5,0.1,0.1,1,0.032569558342052586,258.79824502398037,0.3532413201843012
148,5,0.1,0.1,2,0.07002108252072388,249.77524442229284,0.32989805673410927
149,5,0.1,0.1,3,0.02287191764557715,250.89984099133753,0.33299061860748624
150,5,0.1,0.1,4,0.08177569181402718,232.5327598534088,0.30683754047426903
151,5,0.1,0.1,5,0.062167322903725585,259.5741682005543,0.35654650706756036
152,5,0.1,0.1,6,0.12657438660250844,226.69971693918674,0.28278206399917627
153,5,0.1,0.25,7,-0.036604545297189074,224.07550500832176,0.29772913349547286
154,5,0.1,0.25,8,-0.007762275619923121,224.96269482794946,0.3074558888048609
155,5,0.1,0.25,9,0.11828045989484708,215.03903581966426,0.2816019900037339
156,5,0.1,0.25,0,0.11391405863080233,222.04283266283244,0.29309058176372255
157,5,0.1,0.25,1,0.1208953578085316,236.36149132040114,0.325267407551503
158,5,0.1,0.25,2,-0.015565968821716528,252.1048750998685,0.3541943645966274
159,5,0.1,0.25,3,0.02550005133053727,228.2210514484915,0.30755013456475083
160,5,0.1,0.25,4,0.09695036063441691,230.6515913632044,0.3200407741617403
161,5,0.1,0.25,5,0.07370627087358207,224.13056196677448,0.3035237070278913
162,5,0.1,0.25,6,0.10150035848152023,199.7074427089126,0.2560644754591475
163,5,0.1,0.5,7,0.06144248637901161,221.16578953110243,0.29925831371699824
164,5,0.1,0.5,8,0.06565753315795354,239.70555564505366,0.33523850167631913
165,5,0.1,0.5,9,0.06644472448897969,218.15284865875083,0.29803287285696306
166,5,0.1,0.5,0,0.08592397937729346,222.7320695726978,0.31070622291094085
167,5,0.1,0.5,1,0.13018007704535797,233.6114196634876,0.3269545710977426
168,5,0.1,0.5,2,0.11137165207797595,227.6421835966784,0.31720257565550464
169,5,0.1,0.5,3,0.08657384460347113,209.80618095776776,0.27574108997538
170,5,0.1,0.5,4,0.1143089158275381,207.38028679276303,0.2823592719419569
171,5,0.1,0.5,5,0.07873503494714516,235.50802970107043,0.3303120258592193
172,5,0.1,0.5,6,0.15065498631511284,225.60701120544832,0.3071403201157523
173,5,0.25,0.75,7,0.08399604852260961,187.37818930157334,0.2846455413042268
174,5,0.25,0.75,8,0.08419023551307088,180.71130556768196,0.2709563281269883
175,5,0.25,0.75,9,0.07098426501010131,180.35617250824885,0.2676417656677255
176,5,0.25,0.75,0,0.01799137962205492,194.614888599617,0.2976325286958092
177,5,0.25,0.75,1,0.08196753145626985,195.7048602144752,0.2989397514619182
178,5,0.25,0.75,2,0.1396129090330266,168.15618574863365,0.2505968312233465
179,5,0.25,0.75,3,0.08907275378607162,207.8741622953045,0.31802903301314167
180,5,0.25,0.75,4,0.06898749159786462,190.18744410670885,0.28957258341130815
181,5,0.25,0.75,5,0.08435233631507445,174.19265378847248,0.26574759213529003
182,5,0.25,0.75,6,0.062436518796803765,200.8968285380755,0.30655787141718055
183,5,0.25,0.1,7,-0.11342209231124002,214.3520764392696,0.3141780251876787
184,5,0.25,0.1,8,-0.27457442578930463,269.7779088374995,0.41300350878828423
185,5,0.25,0.1,9,-0.08279483781570436,213.01054951276978,0.31238381127393744
186,5,0.25,0.1,0,-0.06954788229340733,216.10328097463335,0.32342759143031546
187,5,0.25,0.1,1,-0.25410698100394696,274.6973999478214,0.4206169440605261
188,5,0.25,0.1,2,-0.14227390154266203,220.5155770331959,0.33009661834950954
189,5,0.25,0.1,3,-0.0733903821823914,239.69629952177777,0.36508779816528386
190,5,0.25,0.1,4,-0.13463452970270925,227.11727250095848,0.3394332080510612
191,5,0.25,0.1,5,-0.09994332999362121,203.69190906275443,0.301569860147245
192,5,0.25,0.1,6,-0.2544307574888455,255.72664383979463,0.38754145856864747
193,5,0.25,0.25,7,-0.08312429620447696,248.20886917529515,0.37449040883755425
194,5,0.25,0.25,8,0.033794949391551615,190.2119011548322,0.2821610951726485
195,5,0.25,0.25,9,0.0034488177036028126,188.8767828498701,0.2836484057795266
196,5,0.25,0.25,0,-0.09670398920503377,226.93919709802,0.34459124923638496
197,5,0.25,0.25,1,-0.08774984087524706,209.82622604232313,0.3151153827595817
198,5,0.25,0.25,2,-0.07045599690361039,208.91155517104622,0.31056759539801876
199,5,0.25,0.25,3,-0.020355433361611514,194.75553510529315,0.28643066221780095
200,5,0.25,0.25,4,-0.05940741802149791,224.68496758807387,0.33748001126592864
201,5,0.25,0.25,5,-0.044053249676990126,222.80950764291458,0.33837889566226736
202,5,0.25,0.25,6,-0.027630633709336716,209.12710075862765,0.31677961467232013
203,5,0.25,0.5,7,-0.026929105186483313,216.18653020969543,0.32496904157434964
204,5,0.25,0.5,8,0.06075384623131764,210.03082401401778,0.31768893340878296
205,5,0.25,0.5,9,0.07165835891392276,169.19265405593896,0.25812126708749833
206,5,0.25,0.5,0,0.16940422715764458,191.88548815849333,0.28341089487130056
207,5,0.25,0.5,1,0.03764373218436564,195.4482062279579,0.2979017838474585
208,5,0.25,0.5,2,0.051902237877849346,205.4622920946456,0.3128504095502553
209,5,0.25,0.5,3,0.05276693455012585,192.02126670520272,0.29041214167079593
210,5,0.25,0.5,4,0.037118650179528194,194.86355293834163,0.29647124331953495
211,5,0.25,0.5,5,0.04351461277974431,219.04394356902336,0.33730955423828046
212,5,0.25,0.5,6,0.012457495930177101,203.7130344802064,0.3087053752098834
213,5,0.5,0.75,7,-0.044738026818140764,192.78793886485104,0.29887560109320815
214,5,0.5,0.75,8,-0.10428648606953343,195.2329094282894,0.30464991119426715
215,5,0.5,0.75,9,-0.07458758719243502,189.47741618057145,0.2959950147549746
216,5,0.5,0.75,0,-0.09287870583860536,190.29495573023885,0.2940230993931031
217,5,0.5,0.75,1,-0.12803397919728246,190.46937617660646,0.2959734886494316
218,5,0.5,0.75,2,-0.13370448772232105,203.25453326130742,0.3166909826404763
219,5,0.5,0.75,3,-0.05881087616431063,181.92750379444297,0.2786373075834701
220,5,0.5,0.75,4,-0.044743887894231595,176.10799786306754,0.2694412560360389
221,5,0.5,0.75,5,-0.09953768975320522,185.79745354959812,0.28875014072657906
222,5,0.5,0.75,6,-0.015808838587188345,181.04869874178272,0.2785356569700665
223,5,0.5,0.1,7,-0.34187778313557393,227.7568308066985,0.360006516317269
224,5,0.5,0.1,8,0.010996368790536004,158.89327464705238,0.2443444561616879
225,5,0.5,0.1,9,-0.14074879941261276,202.49990070726463,0.3148433298403394
226,5,0.5,0.1,0,-0.1472217012615548,198.18096870593016,0.31187370039580237
227,5,0.5,0.1,1,0.08822761832615639,178.67048001775254,0.2714424630008112
228,5,0.5,0.1,2,-0.05625852349513181,195.12626505204682,0.302597918124305
229,5,0.5,0.1,3,-0.06069259576059364,186.82521945459644,0.2882596674400063
230,5,0.5,0.1,4,-0.05635791463503018,187.4956205266743,0.2891262903769917
231,5,0.5,0.1,5,-0.08490123668738282,201.93293701329048,0.3123556465575575
232,5,0.5,0.1,6,-0.1717344863177567,194.64013847370566,0.2990730417010752
233,5,0.5,0.25,7,-0.07411790394368739,171.1337074280011,0.26230098688512743
234,5,0.5,0.25,8,-0.03728491559479419,193.93088337315518,0.30008877971623504
235,5,0.5,0.25,9,-0.11573011094503767,216.64446322722395,0.3425546592538215
236,5,0.5,0.25,0,-0.06967203302090214,201.7896000020521,0.31328296221193924
237,5,0.5,0.25,1,-0.10634826193115761,200.60302095045836,0.3117013469537318
238,5,0.5,0.25,2,-0.11850716546803357,186.62285073280813,0.2855043358794966
239,5,0.5,0.25,3,-0.005251965301477683,170.78095941358808,0.2605224867228892
240,5,0.5,0.25,4,-0.0665501285963842,195.90745519585985,0.304606435798059
241,5,0.5,0.25,5,-0.031552014629721105,178.13819691529991,0.27100915187370705
242,5,0.5,0.25,6,-0.07526887007190226,197.79900673313543,0.30590150029760826
243,5,0.5,0.5,7,-0.10991844430667456,209.08224860217544,0.32530710437566696
244,5,0.5,0.5,8,-0.1030711640004957,196.20258151514872,0.3028570890331437
245,5,0.5,0.5,9,-0.05806214208570365,184.78414307626102,0.28594682178385883
246,5,0.5,0.5,0,-0.020306287865833827,185.6756995750252,0.2859001147663625
247,5,0.5,0.5,1,-0.04376051566434439,180.23218623467957,0.27623984084424075
248,5,0.5,0.5,2,0.030292912381986132,186.6839026312058,0.2873879717695959
249,5,0.5,0.5,3,-0.17475520451123486,201.6364768433116,0.31129764721505176
250,5,0.5,0.5,4,-0.12375626671003159,199.1505432160003,0.3061269391729819
251,5,0.5,0.5,5,-0.13679185158859145,189.03044367182784,0.2919876057802078
252,5,0.5,0.5,6,-0.145028778227118,206.83315214582944,0.31698464803499643
253,10,0.75,0.75,7,,193.01872220089413,0.2948775163236809
254,10,0.75,0.75,8,,190.0668901983361,0.2889015626589461
255,10,0.75,0.75,9,,188.99767289455622,0.29037016033389323
256,10,0.75,0.75,0,,201.0096382866418,0.3076157079800164
257,10,0.75,0.75,1,,198.3556064616146,0.3064281388667263
258,10,0.75,0.75,2,,189.3429424208829,0.28916580833454053
259,10,0.75,0.75,3,,181.83150866774702,0.27480255920679286
260,10,0.75,0.75,4,,190.26216402125385,0.29096845285060186
261,10,0.75,0.75,5,,189.0421677434188,0.2871845076363924
262,10,0.75,0.75,6,,197.26680139883956,0.3017642658875918
263,10,0.75,0.1,7,,211.22876585493057,0.326976191094081
264,10,0.75,0.1,8,,196.0038598690312,0.3005138508446655
265,10,0.75,0.1,9,,200.02983787486085,0.3055238799149321
266,10,0.75,0.1,0,,204.6593602601146,0.31588293222363545
267,10,0.75,0.1,1,,218.5019180703744,0.33955473490371446
268,10,0.75,0.1,2,,200.5947966166209,0.30612134728608154
269,10,0.75,0.1,3,,212.07012527784514,0.3269054315632237
270,10,0.75,0.1,4,,210.4467104814761,0.3234459543400951
271,10,0.75,0.1,5,,196.6330642821047,0.30143770460507685
272,10,0.75,0.1,6,,184.9657530525919,0.28198371003287415
273,10,0.75,0.25,7,,189.1468706412044,0.29195569306838925
274,10,0.75,0.25,8,,205.1433926633878,0.31700556689468856
275,10,0.75,0.25,9,,168.62696908836685,0.2547495146194289
276,10,0.75,0.25,0,,195.5123233144826,0.29835307420643503
277,10,0.75,0.25,1,,199.96178156171837,0.30961815397186193
278,10,0.75,0.25,2,,206.21975962780812,0.317898403358352
279,10,0.75,0.25,3,,202.3075808817463,0.3098703636857482
280,10,0.75,0.25,4,,190.03395033278898,0.2875289322184515
281,10,0.75,0.25,5,,197.79904549299374,0.30080915984914597
282,10,0.75,0.25,6,,193.2624860766531,0.29518095300849817
283,10,0.75,0.5,7,,207.09109149973904,0.3186248585761997
284,10,0.75,0.5,8,,210.44176400143536,0.3262279380013003
285,10,0.75,0.5,9,,192.20775726313994,0.29301805324555424
286,10,0.75,0.5,0,,191.26318900822505,0.2935132583011795
287,10,0.75,0.5,1,,211.6147305219237,0.32694219809998715
288,10,0.75,0.5,2,,200.824373744719,0.3080189887462645
289,10,0.75,0.5,3,,206.36149014739695,0.31831746722636794
290,10,0.75,0.5,4,,202.596925103706,0.3101937279188813
291,10,0.75,0.5,5,,202.7019915522964,0.31029754456065045
292,10,0.75,0.5,6,,194.08408083646523,0.29510021298756567
293,10,0.9,0.75,7,,205.83689144178456,0.31734490277649097
294,10,0.9,0.75,8,,175.1593880505791,0.26471648767211375
295,10,0.9,0.75,9,,198.23957349403955,0.30466455073165544
296,10,0.9,0.75,0,,183.63926518058966,0.2805817357982559
297,10,0.9,0.75,1,,200.50663946668803,0.3088318015508931
298,10,0.9,0.75,2,,191.76218034378815,0.29113746310823535
299,10,0.9,0.75,3,,192.20086148009887,0.2931010599911165
300,10,0.9,0.75,4,,195.9288142988537,0.2998462782493175
301,10,0.9,0.75,5,,181.10499536547835,0.2765779649584712
302,10,0.9,0.75,6,,200.17068165455046,0.30729207558374394
303,10,0.9,0.1,7,,195.57589171587702,0.29908119946232875
304,10,0.9,0.1,8,,175.42573500606298,0.26491597924595417
305,10,0.9,0.1,9,,181.9376118649802,0.28209391136868694
306,10,0.9,0.1,0,,195.58410049729403,0.30029595779607104
307,10,0.9,0.1,1,,193.71363605971248,0.29563298745272226
308,10,0.9,0.1,2,,193.0085230767792,0.29560713085107143
309,10,0.9,0.1,3,,186.1134568144524,0.28273362446566264
310,10,0.9,0.1,4,,174.00492278543723,0.262794722532567
311,10,0.9,0.1,5,,191.012065899086,0.2939529984641002
312,10,0.9,0.1,6,,199.5497969878651,0.3048592386802527
313,10,0.9,0.25,7,,202.79520189303994,0.311421532377557
314,10,0.9,0.25,8,,190.8013596358388,0.29260461669503945
315,10,0.9,0.25,9,,208.44164694835538,0.3218838316969679
316,10,0.9,0.25,0,,191.200178193607,0.2899784009181467
317,10,0.9,0.25,1,,200.04816333307483,0.3067315456987978
318,10,0.9,0.25,2,,188.1350121132023,0.2867374294437849
319,10,0.9,0.25,3,,205.75268931238705,0.3146004601748938
320,10,0.9,0.25,4,,198.75762537116506,0.3032824056399544
321,10,0.9,0.25,5,,195.6743238961185,0.3030722497806319
322,10,0.9,0.25,6,,193.0986520363432,0.2949663821748361
323,10,0.9,0.5,7,,215.28639655933725,0.33073754567270647
324,10,0.9,0.5,8,,188.22793809193718,0.28678174952088703
325,10,0.9,0.5,9,,187.5937333966689,0.2864108926987922
326,10,0.9,0.5,0,,202.82398489978837,0.31181445230164334
327,10,0.9,0.5,1,,194.94128790332397,0.3000566997861727
328,10,0.9,0.5,2,,201.11305709542458,0.30767966626031085
329,10,0.9,0.5,3,,194.1546173705477,0.2963253129146826
330,10,0.9,0.5,4,,188.6034038990715,0.2871281576700733
331,10,0.9,0.5,5,,205.68723569642796,0.3163666639224627
332,10,0.9,0.5,6,,196.2413951281956,0.30037337613871534
333,10,0.05,0.75,7,0.07160626817089731,241.5968078191345,0.3230879171985696
334,10,0.05,0.75,8,0.09196177572783482,248.222839622811,0.3350555774737581
335,10,0.05,0.75,9,0.09206625314722845,235.48177510865287,0.31519174190342286
336,10,0.05,0.75,0,0.09667899695312525,224.43523473016924,0.29259545524391684
337,10,0.05,0.75,1,0.12497995703444253,232.61382655519324,0.30636384834722435
338,10,0.05,0.75,2,0.08081822011430746,239.5667909212507,0.31239936305525046
339,10,0.05,0.75,3,0.09558508683306492,230.64236995852266,0.3054426058220831
340,10,0.05,0.75,4,0.050351677734795854,239.95998220530223,0.3212361781589507
341,10,0.05,0.75,5,0.07799543756575138,218.72328358982296,0.277039150548819
342,10,0.05,0.75,6,0.029400693821432882,245.0722798142023,0.32980852672685873
343,10,0.05,0.1,7,0.1569635490324649,265.9307154263704,0.3369802644277537
344,10,0.05,0.1,8,0.11983765608836018,275.9798872149035,0.3618645612163542
345,10,0.05,0.1,9,0.16795960598877602,271.59989134909443,0.3471584661083331
346,10,0.05,0.1,0,0.14092301071954594,273.6067919717104,0.3513609117492782
347,10,0.05,0.1,1,0.15056939890978485,254.16181203477996,0.31796164098427077
348,10,0.05,0.1,2,0.1381811173478902,252.5481553863722,0.3237495818084027
349,10,0.05,0.1,3,0.15358505531209973,273.85474278780794,0.35077371284446085
350,10,0.05,0.1,4,0.1475867906806004,282.6515381574418,0.3695024962649868
351,10,0.05,0.1,5,0.12749687733820286,266.0851715047266,0.34304018533485464
352,10,0.05,0.1,6,0.06683216247878691,298.5740349814188,0.396561915370077
353,10,0.05,0.25,7,0.01814915012474012,255.8231274148627,0.3401140143090844
354,10,0.05,0.25,8,0.07924556492531375,248.78444597550137,0.33102820275882244
355,10,0.05,0.25,9,0.073475571250719,246.31698648687816,0.3254049010225497
356,10,0.05,0.25,0,0.08776715408110038,233.2315763231737,0.29873547633141495
357,10,0.05,0.25,1,0.07383364584832362,237.65382365540427,0.3068388989685849
358,10,0.05,0.25,2,0.11771167043957607,234.91358749475125,0.30340041903799997
359,10,0.05,0.25,3,0.07345677645442927,261.0870648773642,0.34900455591187063
360,10,0.05,0.25,4,0.10032010534070514,241.47858166567448,0.3123206490719855
361,10,0.05,0.25,5,0.06010252393497308,244.01193698350133,0.3181714635473109
362,10,0.05,0.25,6,0.05526035309303426,235.68098345185615,0.30277027082344743
363,10,0.05,0.5,7,0.0862317281242605,249.94900487254463,0.334169928081361
364,10,0.05,0.5,8,0.09722377611997769,239.00974153544882,0.31804410715834214
365,10,0.05,0.5,9,0.0954604655353652,249.36217144993532,0.33171729056886295
366,10,0.05,0.5,0,0.1395737128466127,249.54723465021516,0.33414758091096947
367,10,0.05,0.5,1,0.06950370895178593,255.93166225968778,0.3436152690579924
368,10,0.05,0.5,2,0.12215533694590762,238.53022760487457,0.3108337253975415
369,10,0.05,0.5,3,0.09740949373337908,259.75222671209764,0.3499119525455063
370,10,0.05,0.5,4,0.051617593755954615,244.37560997699813,0.32414420176804853
371,10,0.05,0.5,5,0.09958315631175574,246.491278626452,0.3324972031379611
372,10,0.05,0.5,6,0.06742360013204836,228.36503418239735,0.2937941394456361
373,10,0.1,0.75,7,0.05632348884443413,212.83386213013884,0.28275391675530975
374,10,0.1,0.75,8,0.07048366641476096,222.26541388960538,0.29723710089430283
375,10,0.1,0.75,9,0.1387953365587629,191.9382106293143,0.24186937256297827
376,10,0.1,0.75,0,0.06049421789423054,208.96901726959618,0.2771641310351815
377,10,0.1,0.75,1,0.04865624951589358,203.78874821472644,0.26292153984249783
378,10,0.1,0.75,2,0.024006257548895363,231.5985295280906,0.315384167844591
379,10,0.1,0.75,3,0.04960705833066329,220.47268777210857,0.29949672217410966
380,10,0.1,0.75,4,0.06187023151014904,213.0216892710739,0.2834184200183952
381,10,0.1,0.75,5,0.09044912520784458,207.44421833016438,0.2703996438763196
382,10,0.1,0.75,6,0.07170844912546805,217.8106734434751,0.2899070457673445
383,10,0.1,0.1,7,0.157114481722422,245.5560048547595,0.2984352036051513
384,10,0.1,0.1,8,0.12584646569927732,238.08648681292732,0.2879347669537084
385,10,0.1,0.1,9,0.11148724942028095,255.73079176474502,0.3085243829045962
386,10,0.1,0.1,0,0.13055537561786654,236.49293704576667,0.2898919311252839
387,10,0.1,0.1,1,0.11749144289921849,249.09091629049462,0.3014311110065898
388,10,0.1,0.1,2,0.10947327844285559,239.60935717033962,0.2883925038937836
389,10,0.1,0.1,3,0.12648807539028742,247.27458514997954,0.2981353020038646
390,10,0.1,0.1,4,0.14924909841322717,240.5542640677348,0.2917242750185189
391,10,0.1,0.1,5,0.10008643129579375,238.17852329022176,0.2865067525871142
392,10,0.1,0.1,6,0.10550462121718686,272.2145906279351,0.34690976291430625
393,10,0.1,0.25,7,0.03830860933888542,234.487651483986,0.30594951255149644
394,10,0.1,0.25,8,0.08005664260488699,220.87426167023924,0.2846201651929226
395,10,0.1,0.25,9,0.066836999758829,225.27852084042706,0.2894870961041244
396,10,0.1,0.25,0,0.0646853531337595,235.55569792782475,0.30945295773338893
397,10,0.1,0.25,1,0.11348143172904257,225.1568329254404,0.28840037201203356
398,10,0.1,0.25,2,0.07190156544936659,218.5648444598462,0.2798941911653961
399,10,0.1,0.25,3,0.06430881685817634,220.36948638336992,0.27979085127094305
400,10,0.1,0.25,4,0.03618431371162325,248.13042994355092,0.3283379570177547
401,10,0.1,0.25,5,0.013928107250862751,227.01857549569408,0.28763442303831205
402,10,0.1,0.25,6,0.0584484459632914,218.83856441325065,0.2787158465230622
403,10,0.1,0.5,7,0.09083646801419093,221.97683963283637,0.291553509942439
404,10,0.1,0.5,8,0.0930605250384358,216.8388839214772,0.28279431297227653
405,10,0.1,0.5,9,0.09911302134481638,222.82212116996314,0.2953130678160129
406,10,0.1,0.5,0,0.11994055400716767,239.43334626942615,0.3197909858081567
407,10,0.1,0.5,1,0.08529266506434659,226.5170165528398,0.29578720861174673
408,10,0.1,0.5,2,0.09138547669505777,220.5940435063857,0.2898904330291507
409,10,0.1,0.5,3,0.11520286818295815,218.13931263054755,0.2855319342176565
410,10,0.1,0.5,4,0.04714194311910066,213.92423020743172,0.28041209657807503
411,10,0.1,0.5,5,0.057783646830527134,225.3899303923408,0.296951794225417
412,10,0.1,0.5,6,0.06530305515425318,227.52104264113976,0.3031727045176278
413,10,0.25,0.75,7,0.09248921081099337,174.01800622017765,0.2660621565148979
414,10,0.25,0.75,8,0.14206830719203978,176.1109911244454,0.2726337474465727
415,10,0.25,0.75,9,0.07767915675320691,184.02395950075405,0.2839395152653519
416,10,0.25,0.75,0,0.11029268489408912,159.15494626326634,0.24213714190951033
417,10,0.25,0.75,1,0.09504039720224744,168.3375529714543,0.2588734237433666
418,10,0.25,0.75,2,0.08562834655776437,177.05011368954158,0.2717397066546254
419,10,0.25,0.75,3,0.07927238303370424,168.5509685236879,0.26074399640994866
420,10,0.25,0.75,4,0.1541819190798963,152.65087325847986,0.23561327339688742
421,10,0.25,0.75,5,0.0898807731614712,170.72818648275233,0.2577333699587581
422,10,0.25,0.75,6,0.12301827789872223,163.42556066875792,0.25777681559269827
423,10,0.25,0.1,7,-0.14528127213552466,253.01044660293928,0.38446733024257523
424,10,0.25,0.1,8,-0.15552426592135213,186.45187761754562,0.26901203535232104
425,10,0.25,0.1,9,-0.14577043729010505,251.88322644291347,0.37892028624271906
426,10,0.25,0.1,0,-0.17293116463702263,241.3881337980915,0.3649337536840263
427,10,0.25,0.1,1,-0.17204027480868697,235.21045733615313,0.34998127456798445
428,10,0.25,0.1,2,-0.1556259952650554,234.91058675386466,0.3524121473337079
429,10,0.25,0.1,3,-0.21337164115309437,255.6209745136682,0.38607076673010593
430,10,0.25,0.1,4,-0.0685696954567311,221.80725832697385,0.3293021722666795
431,10,0.25,0.1,5,-0.28378202245010115,295.55696846179563,0.45577885013055003
432,10,0.25,0.1,6,-0.34823791211564853,302.56026100337317,0.46564199308383736
433,10,0.25,0.25,7,0.055604511707244335,175.50725961154671,0.2618771180207124
434,10,0.25,0.25,8,-0.06657104039713037,204.22228238436762,0.3091313486805606
435,10,0.25,0.25,9,-0.061550576362968325,200.17696876091304,0.30059056483852303
436,10,0.25,0.25,0,-0.02054677189080092,204.42624504122406,0.30779418144596254
437,10,0.25,0.25,1,-0.03359804924870272,202.7620759112405,0.3105360031926336
438,10,0.25,0.25,2,-0.07126816357708537,183.53668447383163,0.27715413724780824
439,10,0.25,0.25,3,-0.03630777020964666,187.76802627659916,0.2790788849435997
440,10,0.25,0.25,4,-0.10665955405328696,210.77736088893394,0.3227167460851488
441,10,0.25,0.25,5,-0.08377619217761456,198.7621489035555,0.29521774586593175
442,10,0.25,0.25,6,-0.07267375780240831,196.96571947158318,0.2964001589944769
443,10,0.25,0.5,7,0.04422002223427821,186.98423393715845,0.28350439648891806
444,10,0.25,0.5,8,0.038603744627509755,233.31433383345566,0.3615097779363614
445,10,0.25,0.5,9,0.08465943908379714,176.20032325153466,0.26921850717961776
446,10,0.25,0.5,0,0.016422557456841503,182.63598646403477,0.27721860174489094
447,10,0.25,0.5,1,0.13651018137909515,176.26999422237063,0.268778165615844
448,10,0.25,0.5,2,0.09450084930036073,168.90366814335653,0.2632920912780856
449,10,0.25,0.5,3,0.08426799927654836,164.70770244616065,0.2516307111674428
450,10,0.25,0.5,4,-0.004190894883542416,164.68518645001393,0.24864578416982433
451,10,0.25,0.5,5,0.10981188764283012,167.5586069242602,0.26124205610118784
452,10,0.25,0.5,6,-0.06238836975911305,217.69845487321186,0.33842217593189483
453,10,0.5,0.75,7,-0.10711659572124542,196.31807138958084,0.30357607705813333
454,10,0.5,0.75,8,-0.10981788171456987,199.91454015908548,0.3068170157690268
455,10,0.5,0.75,9,-0.05647132660775752,187.157473374813,0.2860995214259616
456,10,0.5,0.75,0,-0.08409984368246741,185.95119337744987,0.2877833662923376
457,10,0.5,0.75,1,-0.03152608493725869,183.5440013569744,0.2807139799638357
458,10,0.5,0.75,2,0.00656228775308935,163.8056103815994,0.2468917267779457
459,10,0.5,0.75,3,-0.08468497890845501,188.68246642816632,0.29084893892208674
460,10,0.5,0.75,4,-0.06493491349310006,190.13103060192552,0.29592739217227987
461,10,0.5,0.75,5,-0.13014166735771446,205.59282079801355,0.318872071739525
462,10,0.5,0.75,6,-0.13012368794824394,182.44963417549647,0.2842312621251868
463,10,0.5,0.1,7,-0.09152849471808973,183.90093153448126,0.2881196155167579
464,10,0.5,0.1,8,0.236571964045634,184.9318407589717,0.28498836047373194
465,10,0.5,0.1,9,-0.18960831720960566,189.23616414499637,0.2920542272932676
466,10,0.5,0.1,0,0.24078049747996277,187.74042295205922,0.28941243624589097
467,10,0.5,0.1,1,-0.0032409353944750454,197.7550247218127,0.3064002729831228
468,10,0.5,0.1,2,0.09130623750493616,193.18737747776427,0.29999953345669855
469,10,0.5,0.1,3,-0.20243166021313175,176.50424412766594,0.2680081885969564
470,10,0.5,0.1,4,-0.06476674377445489,194.81422430410336,0.29834657215397303
471,10,0.5,0.1,5,-0.07505139536007181,205.18992969290423,0.3252262142338452
472,10,0.5,0.1,6,0.027877912171251167,201.50793926424777,0.31418615631338576
473,10,0.5,0.25,7,-0.08774365563373256,202.42665932155492,0.3124856872306499
474,10,0.5,0.25,8,0.004777547994196459,179.61078263765364,0.2791257985180193
475,10,0.5,0.25,9,-0.1389725276168621,198.58201293844664,0.30868675359277264
476,10,0.5,0.25,0,-0.05934388386390893,192.54367278509105,0.3000272013116992
477,10,0.5,0.25,1,-0.014097177174387262,169.6581896868838,0.25903978055936544
478,10,0.5,0.25,2,-0.08866198499448939,166.39572459625663,0.2551410434634777
479,10,0.5,0.25,3,-0.05765563118173461,190.38894040678437,0.2948979589867627
480,10,0.5,0.25,4,0.0725397258538588,194.13476953879479,0.29678417234823457
481,10,0.5,0.25,5,-0.08638228132232025,174.5878547103881,0.26959204922746566
482,10,0.5,0.25,6,-0.13013810133964898,185.2855451487201,0.28596859855897744
483,10,0.5,0.5,7,-0.037678246398070124,190.98846641303626,0.29621764462203964
484,10,0.5,0.5,8,0.010347356134572069,184.74884264241527,0.28584902990506134
485,10,0.5,0.5,9,-0.051729332800576046,205.73930431388433,0.3191926503367855
486,10,0.5,0.5,0,-0.06428435068627426,182.66999571436472,0.2834232944552215
487,10,0.5,0.5,1,-0.12174852987792206,193.96894004726633,0.30339898826242057
488,10,0.5,0.5,2,-0.08696103574117307,180.7387751220987,0.280896674883422
489,10,0.5,0.5,3,0.041917361579968636,168.74674255732165,0.25714646865965074
490,10,0.5,0.5,4,-0.01870546354088966,163.43076587836092,0.25161776467167585
491,10,0.5,0.5,5,0.06295107859983422,190.06346495467437,0.2937535938660645
492,10,0.5,0.5,6,-0.07894363004449856,190.0254377279473,0.2932404295491698
493,15,0.75,0.75,7,,187.40654530107963,0.2842709913371351
494,15,0.75,0.75,8,,175.4853086446202,0.2653964924373637
495,15,0.75,0.75,9,,198.0513630423285,0.30336226528447613
496,15,0.75,0.75,0,,190.13383031121043,0.2909072878713867
497,15,0.75,0.75,1,,197.91953666247423,0.30480698787190197
498,15,0.75,0.75,2,,179.28904035166138,0.27182206695146965
499,15,0.75,0.75,3,,193.1513997939779,0.295475585545982
500,15,0.75,0.75,4,,193.44672241571723,0.2944683559882493
501,15,0.75,0.75,5,,190.5080891581758,0.29175610328542073
502,15,0.75,0.75,6,,194.2899503038028,0.29474492959132664
503,15,0.75,0.1,7,,193.55631382622832,0.29465239759023504
504,15,0.75,0.1,8,,196.82633661749833,0.3015057074380671
505,15,0.75,0.1,9,,198.00875312961338,0.3058762047051566
506,15,0.75,0.1,0,,193.34216558526055,0.2951424708962853
507,15,0.75,0.1,1,,206.0209394600271,0.32118501472108285
508,15,0.75,0.1,2,,192.98520173656615,0.2942945849455336
509,15,0.75,0.1,3,,203.85119979589635,0.3121031201955504
510,15,0.75,0.1,4,,196.6287231768472,0.3036065440928392
511,15,0.75,0.1,5,,192.48289526942781,0.2928355738454562
512,15,0.75,0.1,6,,164.282948163243,0.24707732378099156
513,15,0.75,0.25,7,,202.88860357210115,0.313136020369504
514,15,0.75,0.25,8,,188.98434523051534,0.2874248445191698
515,15,0.75,0.25,9,,177.16506495028088,0.2680517651111384
516,15,0.75,0.25,0,,194.6830441268502,0.29675138658394135
517,15,0.75,0.25,1,,192.2708774472018,0.2972414535127899
518,15,0.75,0.25,2,,198.97986761436698,0.3061164610126795
519,15,0.75,0.25,3,,201.36557511104172,0.3101692280699288
520,15,0.75,0.25,4,,204.4117913763428,0.31393888661364766
521,15,0.75,0.25,5,,191.57523924433278,0.2918162704332683
522,15,0.75,0.25,6,,211.55029769161743,0.33117581929383394
523,15,0.75,0.5,7,,185.63196087249335,0.2843358284922594
524,15,0.75,0.5,8,,184.72910169968347,0.28078095904525896
525,15,0.75,0.5,9,,195.28873558845928,0.30003687485539726
526,15,0.75,0.5,0,,201.72092672828532,0.30996317464310524
527,15,0.75,0.5,1,,180.39613909217906,0.2739834615193406
528,15,0.75,0.5,2,,193.18755428903856,0.29351104534739764
529,15,0.75,0.5,3,,206.57440783362975,0.31777025290498867
530,15,0.75,0.5,4,,203.88635591078878,0.31491613105306987
531,15,0.75,0.5,5,,188.14753164287058,0.28802308763333156
532,15,0.75,0.5,6,,205.93691350258564,0.31640458405123423
533,15,0.9,0.75,7,,190.63165760778884,0.29047460777152007
534,15,0.9,0.75,8,,184.52729795118773,0.281598739049768
535,15,0.9,0.75,9,,197.57202507417307,0.3005902606474011
536,15,0.9,0.75,0,,184.52273919436433,0.28141491171840344
537,15,0.9,0.75,1,,194.74329220585582,0.2991299830816336
538,15,0.9,0.75,2,,190.52376777572803,0.29258770264324313
539,15,0.9,0.75,3,,200.68547611914673,0.306029271797702
540,15,0.9,0.75,4,,195.7074603026125,0.30025533202949145
541,15,0.9,0.75,5,,207.75937877710052,0.3191261598500544
542,15,0.9,0.75,6,,184.01662693037983,0.2822224454371673
543,15,0.9,0.1,7,,172.39421893248308,0.2620502684896882
544,15,0.9,0.1,8,,198.26304312836433,0.30496658470637794
545,15,0.9,0.1,9,,184.15063075597791,0.28149312702068535
546,15,0.9,0.1,0,,206.06817719761239,0.3187105076881232
547,15,0.9,0.1,1,,181.09759765911062,0.2739506130186932
548,15,0.9,0.1,2,,184.90105565593885,0.287006107502557
549,15,0.9,0.1,3,,197.89038937068258,0.3041270924629576
550,15,0.9,0.1,4,,200.6755064177557,0.30784669534582015
551,15,0.9,0.1,5,,206.48391868862907,0.32031565711045085
552,15,0.9,0.1,6,,202.31808135883287,0.31139648511471757
553,15,0.9,0.25,7,,203.15752485509344,0.31374797947883704
554,15,0.9,0.25,8,,201.33329154760906,0.3072473796695385
555,15,0.9,0.25,9,,189.5172509243461,0.2877640622646633
556,15,0.9,0.25,0,,201.93490563573448,0.30763705393677876
557,15,0.9,0.25,1,,188.73838887864792,0.2862586972398314
558,15,0.9,0.25,2,,181.75707725191162,0.27668010152519146
559,15,0.9,0.25,3,,183.4509362217922,0.27834478960040915
560,15,0.9,0.25,4,,185.6048890840126,0.27944140008870455
561,15,0.9,0.25,5,,205.2360550850532,0.3178981714004765
562,15,0.9,0.25,6,,203.06515599956322,0.31158615017269836
563,15,0.9,0.5,7,,209.46193438848567,0.3236257296572294
564,15,0.9,0.5,8,,189.66665049605365,0.28842740313249554
565,15,0.9,0.5,9,,203.3325240158059,0.312374509997183
566,15,0.9,0.5,0,,189.84057493268176,0.2900887896745406
567,15,0.9,0.5,1,,192.88826770015672,0.29544357720944997
568,15,0.9,0.5,2,,192.21626382155435,0.2935493887150569
569,15,0.9,0.5,3,,191.40406668955043,0.29273160856920427
570,15,0.9,0.5,4,,195.70674387471686,0.29896632199524414
571,15,0.9,0.5,5,,187.73419589056414,0.2889827074282427
572,15,0.9,0.5,6,,195.8165939192921,0.300461975288302
573,15,0.05,0.75,7,0.07853762734432616,244.74137383920177,0.31999741263415743
574,15,0.05,0.75,8,0.08200145025751676,245.59579522117576,0.31745053000443607
575,15,0.05,0.75,9,0.06897925815756815,244.2232980295377,0.3140113443878319
576,15,0.05,0.75,0,0.0650783923589031,253.24592358375898,0.33574420293128365
577,15,0.05,0.75,1,0.08585589401012798,236.43536121986847,0.30407119510588293
578,15,0.05,0.75,2,0.10842474656557527,222.90533247289397,0.2824283933551059
579,15,0.05,0.75,3,0.09576253569684003,237.08156806752444,0.30849022575397966
580,15,0.05,0.75,4,0.10128041246742155,233.80847836936792,0.29666278196677404
581,15,0.05,0.75,5,0.10032430895609452,232.83176489211738,0.29800547158768165
582,15,0.05,0.75,6,0.08246521876623479,244.27311839053357,0.3183179452404317
583,15,0.05,0.1,7,0.1795541961811068,283.98390278852867,0.36722923339859576
584,15,0.05,0.1,8,0.1771604872825231,278.48942921448275,0.3596653426449685
585,15,0.05,0.1,9,0.1622424915195132,274.8381606581516,0.3524404170511491
586,15,0.05,0.1,0,0.096521032553831,305.2997662048012,0.4054393843398029
587,15,0.05,0.1,1,0.18559143853305485,303.36785186980086,0.40029608013368073
588,15,0.05,0.1,2,0.10230968013309373,316.3816690692964,0.41719849154905697
589,15,0.05,0.1,3,0.1060581247277107,324.7751515100635,0.42928541721036967
590,15,0.05,0.1,4,0.09133346593759224,325.22081558364664,0.4397109551641479
591,15,0.05,0.1,5,0.1773730252461367,268.9914522346374,0.3460601659903739
592,15,0.05,0.1,6,0.15839688769540863,278.706493098023,0.36367285838817515
593,15,0.05,0.25,7,0.10270979523025348,224.56817845805244,0.2807362777759927
594,15,0.05,0.25,8,0.07139163185904897,234.25009037445793,0.29539494922873577
595,15,0.05,0.25,9,0.12401412539020014,219.99403443594704,0.25090225991583054
596,15,0.05,0.25,0,0.14094760888304578,235.26884068114055,0.2956021925113406
597,15,0.05,0.25,1,0.11450740125008518,230.62030034472468,0.29005220927039155
598,15,0.05,0.25,2,0.10947130676431682,207.92850987425018,0.24543411047862765
599,15,0.05,0.25,3,0.1172133991014163,238.80521454586918,0.2962813687156671
600,15,0.05,0.25,4,-0.003029214041112759,263.4495772160534,0.3379954555572991
601,15,0.05,0.25,5,0.13238609364909815,225.4702810405552,0.273910296658437
602,15,0.05,0.25,6,0.08196297990071527,231.58672962470737,0.2917813916805343
603,15,0.05,0.5,7,0.0823935552571762,251.18731591223414,0.32107609896411626
604,15,0.05,0.5,8,0.08178840355002111,234.21020842357075,0.29087507852999894
605,15,0.05,0.5,9,0.12837930086542104,230.84878764100827,0.2837942181339474
606,15,0.05,0.5,0,0.09959515838255269,246.558251873898,0.3096583895826433
607,15,0.05,0.5,1,0.11497681547649079,228.03531587782223,0.2876922028854385
608,15,0.05,0.5,2,0.15618431275694586,230.0728792351415,0.2830491639285249
609,15,0.05,0.5,3,0.16910252121336766,229.03405323440336,0.28737301692604217
610,15,0.05,0.5,4,0.11153561160863623,254.9438619115042,0.3288516839639255
611,15,0.05,0.5,5,0.07529341186960987,249.72108020534066,0.32424267903074816
612,15,0.05,0.5,6,0.06126245054700342,246.3421355851973,0.3163839306455201
613,15,0.1,0.75,7,0.09800470271301971,215.2324856904814,0.2801886901791368
614,15,0.1,0.75,8,0.02791506502097227,244.47791570988343,0.3402788158950325
615,15,0.1,0.75,9,0.05690272122271121,220.2434175713273,0.29026867576127485
616,15,0.1,0.75,0,0.061721920048462,217.87506888990774,0.2876333878698687
617,15,0.1,0.75,1,0.12665411330385465,214.62291077546396,0.2771875169433009
618,15,0.1,0.75,2,0.07384619101378066,212.08700102927548,0.274903979095476
619,15,0.1,0.75,3,0.1051568639041985,198.38496926670192,0.2601670419334548
620,15,0.1,0.75,4,0.0638138147082595,226.30181740911578,0.30431236978590986
621,15,0.1,0.75,5,0.04638093687597609,228.66711547637885,0.3032588101184886
622,15,0.1,0.75,6,0.07997865466817576,229.08942438800128,0.3083043339850589
623,15,0.1,0.1,7,0.11395558170303266,289.203432768941,0.3665538761154556
624,15,0.1,0.1,8,0.16189985452331287,280.86478967707126,0.35117451863286986
625,15,0.1,0.1,9,0.10258240113506735,286.22532827236006,0.36310555753526924
626,15,0.1,0.1,0,0.13504855554084294,262.6824097605379,0.32996455529395835
627,15,0.1,0.1,1,0.0733323523034569,267.3538345672772,0.34153576303486205
628,15,0.1,0.1,2,0.14559001485247317,253.2971013083026,0.3205682696632973
629,15,0.1,0.1,3,0.1720064239771494,258.3403710644572,0.3255405933584354
630,15,0.1,0.1,4,0.13310291626095977,268.6308495404913,0.33481827381698787
631,15,0.1,0.1,5,0.17567812613641956,270.84269992683465,0.33512888050309336
632,15,0.1,0.1,6,0.12640858559202764,286.71119173601,0.3602593687706139
633,15,0.1,0.25,7,0.08698690964485643,213.34986060797783,0.26076591688902667
634,15,0.1,0.25,8,0.091884342159952,222.3069164525731,0.27500835282532504
635,15,0.1,0.25,9,0.07333088516731635,240.2416991863679,0.30685119646492026
636,15,0.1,0.25,0,0.018960617443178698,240.39509451575285,0.30795721181180247
637,15,0.1,0.25,1,0.09661381418099502,218.06512689376623,0.2703199365689044
638,15,0.1,0.25,2,0.04793585065075345,233.62405591293236,0.29507966973903615
639,15,0.1,0.25,3,0.08407960730913829,225.94075703393415,0.2796946664112175
640,15,0.1,0.25,4,0.0665222801141258,235.76398019648067,0.2938434327903084
641,15,0.1,0.25,5,-0.02607899290964608,268.20052298255666,0.3579197205226139
642,15,0.1,0.25,6,0.08708469395721737,227.40250912573126,0.28813050898540465
643,15,0.1,0.5,7,0.07176819155565116,213.02856515651,0.26792196212415254
644,15,0.1,0.5,8,0.11611987495296523,225.774422003901,0.284928122623559
645,15,0.1,0.5,9,0.09050981222482786,222.95899085730056,0.28880728188724447
646,15,0.1,0.5,0,0.05662687168739244,233.8784197422442,0.3064765507366433
647,15,0.1,0.5,1,0.11620095781883755,215.05719382621405,0.27031367955129704
648,15,0.1,0.5,2,0.11083382326119968,219.3369734662043,0.27623106713591733
649,15,0.1,0.5,3,0.09008127021829766,214.89003564799805,0.27198056223847783
650,15,0.1,0.5,4,0.12599887077744787,208.63575629354182,0.2631325400869465
651,15,0.1,0.5,5,0.04179664816429458,220.4562485170051,0.2855970812967031
652,15,0.1,0.5,6,0.06711644503209503,225.2220146016431,0.29389645519967394
653,15,0.25,0.75,7,0.11444593643147405,169.65324169724153,0.25901245699699077
654,15,0.25,0.75,8,0.11814072606438648,156.6884643610034,0.2405316408883963
655,15,0.25,0.75,9,0.07270883308778062,186.71023863008097,0.2858939080232256
656,15,0.25,0.75,0,0.19324001018652473,160.3257798110042,0.2500206990752126
657,15,0.25,0.75,1,0.05110218692507152,180.27545662360845,0.27504059775289397
658,15,0.25,0.75,2,0.11182497286878683,155.57388642959282,0.23986928551489747
659,15,0.25,0.75,3,-0.02260168286100066,207.32392525758155,0.32244671485091575
660,15,0.25,0.75,4,0.07576642965024154,173.45855029190724,0.26433054133695955
661,15,0.25,0.75,5,0.1567720509296294,159.94298953115137,0.24882154949984625
662,15,0.25,0.75,6,0.018974864187360347,190.91554264450053,0.2917409749297305
663,15,0.25,0.1,7,-0.13019579054167532,225.19873319429004,0.33725571500230583
664,15,0.25,0.1,8,-0.18290717368333897,235.77369418706766,0.352895291485449
665,15,0.25,0.1,9,-0.2456915860098723,252.42463127043717,0.3815698290682665
666,15,0.25,0.1,0,-0.042653391940240475,217.01701009034878,0.32741714532839045
667,15,0.25,0.1,1,-0.15531433770272707,226.26874342520117,0.336955370029193
668,15,0.25,0.1,2,-0.14636546560126945,246.17453964547803,0.373286502122403
669,15,0.25,0.1,3,-0.12745594846793404,215.37108027208737,0.31876498364768396
670,15,0.25,0.1,4,-0.07033925428460593,198.72325559057313,0.2909632286109556
671,15,0.25,0.1,5,-0.04909197083458625,215.72331371845442,0.325135993528145
672,15,0.25,0.1,6,-0.11547311763348322,213.6247510147853,0.3141880014757316
673,15,0.25,0.25,7,-0.06752198760386217,227.1707539233313,0.3463031125270672
674,15,0.25,0.25,8,-0.014821870463374326,178.59329847053255,0.2738105740673869
675,15,0.25,0.25,9,0.017804781495786275,182.03046007657557,0.2735068413921698
676,15,0.25,0.25,0,0.011159367124296821,176.6691884382495,0.26811080731854164
677,15,0.25,0.25,1,0.11851542761270463,174.58484876858435,0.26514390969889734
678,15,0.25,0.25,2,-0.08421200130510646,204.95929566498205,0.31061396967911875
679,15,0.25,0.25,3,0.006250806607161964,182.126613084983,0.2817518962218463
680,15,0.25,0.25,4,0.09246115030435909,166.57923281249688,0.2625681697039717
681,15,0.25,0.25,5,-0.10045485408032262,172.65017843059118,0.2610254278144301
682,15,0.25,0.25,6,-0.08444192122383258,200.67886316237937,0.29670312902900847
683,15,0.25,0.5,7,0.06595578084488816,165.7567669319321,0.2507916909675536
684,15,0.25,0.5,8,0.03326772076453255,193.55220483964004,0.29658534608872417
685,15,0.25,0.5,9,0.0552839610066698,169.46924012204602,0.259964131949786
686,15,0.25,0.5,0,0.09104744295032857,176.0827442626312,0.27627137502745197
687,15,0.25,0.5,1,0.09241876597752136,149.3866996348756,0.2270355606848867
688,15,0.25,0.5,2,0.07922987499637817,157.30410315294884,0.24125438495679652
689,15,0.25,0.5,3,0.12145871982196872,157.34845029573492,0.24205109774129144
690,15,0.25,0.5,4,0.058542018601062784,167.64465349084944,0.2624697201488647
691,15,0.25,0.5,5,0.12344290513889782,175.6372151272412,0.26558479177035604
692,15,0.25,0.5,6,0.07585687401750411,181.4574950958961,0.28073104479376393
693,15,0.5,0.75,7,-0.02854660010917846,189.19929412559728,0.2937805310120604
694,15,0.5,0.75,8,-0.12773719477436465,189.5915776975194,0.2943572518797419
695,15,0.5,0.75,9,-0.04970954104510039,185.49332893980906,0.28738685485833976
696,15,0.5,0.75,0,-0.12452881753425715,190.6355602496053,0.2959301073063063
697,15,0.5,0.75,1,-0.03649635959639689,193.25943409614612,0.2978290146990597
698,15,0.5,0.75,2,-0.07579797435544748,194.21379201178038,0.3015319927706813
699,15,0.5,0.75,3,-0.12855370871700522,195.22964879167776,0.30433672802967
700,15,0.5,0.75,4,-0.09289308605399484,200.6722092904469,0.3110791818016065
701,15,0.5,0.75,5,-0.010655900149722305,189.6119423398449,0.2929795593990835
702,15,0.5,0.75,6,0.012523917136359494,189.1682627726618,0.2911556767232209
703,15,0.5,0.1,7,0.40926558368837845,181.15927126719396,0.27683189776249695
704,15,0.5,0.1,8,-0.10313351047765824,182.49699794138564,0.281565858356049
705,15,0.5,0.1,9,,202.72902058533066,0.31412113312959394
706,15,0.5,0.1,0,-0.1219436936499092,216.22469231764023,0.33906256816872865
707,15,0.5,0.1,1,-0.13278985944533506,182.126195962713,0.28106036468431184
708,15,0.5,0.1,2,-0.13923164893053686,198.1702436586851,0.30760298285315574
709,15,0.5,0.1,3,0.08829578395384274,183.06754373705914,0.28315516678142816
710,15,0.5,0.1,4,,205.50929016728074,0.3188254846884783
711,15,0.5,0.1,5,0.3016113512559485,178.7726090385697,0.2738778563262562
712,15,0.5,0.1,6,-0.044868343548508084,180.93143537957474,0.2785905284129539
713,15,0.5,0.25,7,-0.11981202076636477,186.39917031620215,0.2913390026654803
714,15,0.5,0.25,8,-0.043800074460679315,181.61770313202874,0.2791438617456535
715,15,0.5,0.25,9,-0.05617408631942056,163.595256466691,0.24986143550169349
716,15,0.5,0.25,0,0.07967491643487229,195.12650982125373,0.3024924680983261
717,15,0.5,0.25,1,0.22466688170840396,162.69551851200598,0.24563674547133318
718,15,0.5,0.25,2,-0.13078189471605134,227.08726504683565,0.35246068323673513
719,15,0.5,0.25,3,0.12044998166305533,181.05752009020833,0.27871175701187306
720,15,0.5,0.25,4,-0.11360802364565499,172.02369222289244,0.2635011319663996
721,15,0.5,0.25,5,-0.058284963909790856,187.8001172694397,0.28838648157599645
722,15,0.5,0.25,6,0.09371530800579227,160.54906943937445,0.24550658383847782
723,15,0.5,0.5,7,-0.022199232593025402,189.81817504184176,0.29417732340480407
724,15,0.5,0.5,8,-0.03321370672040541,198.4286122763859,0.3086634682774673
725,15,0.5,0.5,9,0.08904189722151727,182.23025118052544,0.28505767926714326
726,15,0.5,0.5,0,-0.08277798188739577,170.38791627694184,0.2574359562383039
727,15,0.5,0.5,1,-0.03701941626699362,192.15168369509138,0.3001360078154729
728,15,0.5,0.5,2,0.137039051067647,175.7774980845214,0.2712891141875105
729,15,0.5,0.5,3,-0.02282598054177661,189.1306584278246,0.2890132634229878
730,15,0.5,0.5,4,-0.09285001633209357,193.17462452571837,0.30452163647900055
731,15,0.5,0.5,5,-0.08346548140897199,190.34014722468615,0.2961342299139136
732,15,0.5,0.5,6,-0.1118267259101922,199.47952472553064,0.3125160694051869
