,ba_m,simple_spread_chance,group_homophily,repetition,pearson,euclidean,mape
0,3,0.01,0.1,0,-0.6774949559052899,254.2650351238486,0.38223918466061185
1,3,0.01,0.1,1,-0.715027807598248,250.72303901984193,0.37834316203314283
2,3,0.01,0.1,2,-0.7336761320673494,251.99426545503533,0.37933617600744657
3,3,0.01,0.1,3,-0.687844087657174,253.41990970333404,0.38176234971485284
4,3,0.01,0.1,4,-0.7150278968595242,255.98108768126122,0.38478487279193896
5,3,0.01,0.1,5,-0.6995785081487399,250.1580216754896,0.3763987412039906
6,3,0.01,0.1,6,-0.7858802640397214,252.66171665503308,0.37895819559653915
7,3,0.01,0.1,7,-0.6064264390741095,261.4005545012313,0.3997561833891952
8,3,0.01,0.1,8,-0.7677217064363365,241.16869630060032,0.3606854266852359
9,3,0.01,0.1,9,-0.7425333624878828,247.78028681668027,0.3719466691396798
10,3,0.01,0.25,0,-0.739992202046153,251.58241661646466,0.377748524604786
11,3,0.01,0.25,1,-0.7641876980028514,258.81343588390723,0.38860709366965657
12,3,0.01,0.25,2,-0.8555911753936426,239.21693869730257,0.35573728014342293
13,3,0.01,0.25,3,-0.6829339971503409,256.00203749558904,0.38648968774764764
14,3,0.01,0.25,4,-0.7122707676190821,260.02715147903666,0.39518778759848444
15,3,0.01,0.25,5,-0.7192021279030554,251.69176948413943,0.38022598555956516
16,3,0.01,0.25,6,-0.8182421073156938,236.41997709228613,0.3517740974690137
17,3,0.01,0.25,7,-0.7409962115458595,263.0875218943684,0.3979486885491265
18,3,0.01,0.25,8,-0.6936985842654542,250.61986948781976,0.3792329760033286
19,3,0.01,0.25,9,-0.8255001998693444,245.7782592138673,0.36588360033809614
20,3,0.01,0.5,0,-0.7579278232095975,240.39024727450138,0.358109686032388
21,3,0.01,0.5,1,-0.7400501288844682,246.67013258056167,0.36953642350015786
22,3,0.01,0.5,2,-0.8577117033801835,237.42023887887808,0.35016738529971053
23,3,0.01,0.5,3,-0.7649195799979239,253.76276837925494,0.38102607043345754
24,3,0.01,0.5,4,-0.7003267429985748,252.68341591994582,0.38129417931977433
25,3,0.01,0.5,5,-0.8001634531884744,239.27026770830003,0.3571495297656287
26,3,0.01,0.5,6,-0.7421058684384506,246.68949523737498,0.3730740974658164
27,3,0.01,0.5,7,-0.7742629672871978,243.99614847104343,0.3665792020163883
28,3,0.01,0.5,8,-0.7182701298885904,238.23304317619264,0.35533609659730797
29,3,0.01,0.5,9,-0.7406728992710558,248.3679310801153,0.3720313389661403
30,3,0.01,0.75,0,-0.6206990978047778,249.29317928634256,0.37513073662505514
31,3,0.01,0.75,1,-0.8092441997780145,250.11676681170965,0.37450024737241067
32,3,0.01,0.75,2,-0.7081943852587874,253.6927248884986,0.3812449297555334
33,3,0.01,0.75,3,-0.7684178803498237,259.0230898025937,0.39125745050040117
34,3,0.01,0.75,4,-0.7830704485943535,254.08205099644093,0.3808392898010169
35,3,0.01,0.75,5,-0.8140319128625935,248.8839573464486,0.37283589821998236
36,3,0.01,0.75,6,-0.8362424305572009,248.2987632262522,0.3709409393356589
37,3,0.01,0.75,7,-0.7202948688064018,258.89677250770984,0.39200201554555164
38,3,0.01,0.75,8,-0.7557298309109939,246.98976990171386,0.36901084773934234
39,3,0.01,0.75,9,-0.6993327739907446,247.67006253457558,0.3705342543352656
40,3,0.05,0.1,0,-0.13783045573028682,276.4356965907144,0.4156707248915352
41,3,0.05,0.1,1,-0.15438117303974616,270.43207094901436,0.4052934155175167
42,3,0.05,0.1,2,-0.19025701410397924,283.6416635490845,0.42788992909041995
43,3,0.05,0.1,3,-0.17439238719000086,276.43414320841237,0.4147957350626423
44,3,0.05,0.1,4,-0.1504466126004255,271.7081200002972,0.40691522961001425
45,3,0.05,0.1,5,-0.22648010825615184,289.6254442606596,0.4381605885996212
46,3,0.05,0.1,6,-0.17145310425886603,286.29511114079986,0.4305079531458358
47,3,0.05,0.1,7,-0.15834165931911753,277.18646258882274,0.4175458609713032
48,3,0.05,0.1,8,-0.16738206825490534,290.21034237633336,0.4392597057330203
49,3,0.05,0.1,9,-0.1544609754301862,274.8464581919265,0.41367361886420356
50,3,0.05,0.25,0,-0.2480027355553258,273.3414788317524,0.4112816678848324
51,3,0.05,0.25,1,-0.16030430550987426,263.96747564190406,0.3945815121404264
52,3,0.05,0.25,2,-0.22493514186018645,278.8909266236747,0.41987709672102175
53,3,0.05,0.25,3,-0.23808576994310574,274.76862935615276,0.4141137430541129
54,3,0.05,0.25,4,-0.2276947090626399,268.2500152957203,0.4004615319506694
55,3,0.05,0.25,5,-0.22587684181973502,264.05795465432675,0.39384881218352025
56,3,0.05,0.25,6,-0.24336336923798366,272.2196340507555,0.40729518450126284
57,3,0.05,0.25,7,-0.2219065893844563,264.26468691194003,0.3946866682908392
58,3,0.05,0.25,8,-0.20805840160220704,276.17718760548723,0.41653154994576286
59,3,0.05,0.25,9,-0.23086348763986753,277.82597097999985,0.4185346276845763
60,3,0.05,0.5,0,-0.2354405126559365,275.58192834917287,0.4132673471081482
61,3,0.05,0.5,1,-0.23129209601263845,280.8337394034956,0.42550913124582523
62,3,0.05,0.5,2,-0.20824765366488474,275.97715482309354,0.41820535287037575
63,3,0.05,0.5,3,-0.20341795959392003,273.37283539576083,0.4127304683185633
64,3,0.05,0.5,4,-0.18643204084055096,287.8172171904035,0.4387930280053666
65,3,0.05,0.5,5,-0.15787075705174966,260.76773199759305,0.3914747603817041
66,3,0.05,0.5,6,-0.15845949440492665,278.19885757469785,0.42109670713531555
67,3,0.05,0.5,7,-0.11867887516958635,263.11269522201155,0.39692695842154646
68,3,0.05,0.5,8,-0.132400959285664,258.6164937164417,0.3873326599080638
69,3,0.05,0.5,9,-0.2274198193268803,270.5931635171707,0.4090076823463065
70,3,0.05,0.75,0,-0.22766656738461047,259.5852418899115,0.38909945898413706
71,3,0.05,0.75,1,-0.17942073295678895,259.9971667137376,0.3904483922610756
72,3,0.05,0.75,2,-0.22783534793583726,272.9966907100377,0.4122612944836223
73,3,0.05,0.75,3,-0.23119947011423994,259.01932140042106,0.38691161655154604
74,3,0.05,0.75,4,-0.2113237062825739,255.70576988689768,0.3809426152965097
75,3,0.05,0.75,5,-0.24211874472259395,270.799849004566,0.40808525932620726
76,3,0.05,0.75,6,-0.20080666703601582,259.008459962032,0.38684601113301165
77,3,0.05,0.75,7,-0.21456774014258498,268.05481122251746,0.4031283175076988
78,3,0.05,0.75,8,-0.21233658380153794,270.1093148969772,0.4045103157112003
79,3,0.05,0.75,9,-0.19738203336842527,264.87680872899665,0.3982801965228991
80,3,0.1,0.1,0,-0.07957377451235755,293.12085918120084,0.43852002301537846
81,3,0.1,0.1,1,-0.05004954027749046,286.515826709484,0.4280736359266147
82,3,0.1,0.1,2,-0.05623019355989998,285.6111291859357,0.42741551844913156
83,3,0.1,0.1,3,-0.08410814741086999,285.6634077924994,0.42546643054442645
84,3,0.1,0.1,4,-0.09595289093565024,300.6053770228404,0.4513807451724057
85,3,0.1,0.1,5,-0.11440264548819663,292.8104536088597,0.4366734859362622
86,3,0.1,0.1,6,-0.06603878173161686,290.44294275199064,0.4359080687484577
87,3,0.1,0.1,7,-0.11495414171388345,292.140573781351,0.4379070907875988
88,3,0.1,0.1,8,-0.0827904363958645,299.5577718980703,0.4504007270140746
89,3,0.1,0.1,9,-0.09412211675976316,285.49216789937844,0.42618896633202635
90,3,0.1,0.25,0,-0.0861588025586119,280.5991477558187,0.4194917434519867
91,3,0.1,0.25,1,-0.0890978152739017,275.61744332758684,0.4121707696535701
92,3,0.1,0.25,2,-0.11841830611926822,282.71660033582253,0.4228730049661628
93,3,0.1,0.25,3,-0.13992693843394455,284.86263672100614,0.4256046838145342
94,3,0.1,0.25,4,-0.09515632451024107,292.87325123162486,0.4402897633679563
95,3,0.1,0.25,5,-0.1329665375508095,285.87948792679185,0.4266353514078132
96,3,0.1,0.25,6,-0.111536086720135,278.01756106593734,0.41550945315914056
97,3,0.1,0.25,7,-0.1175315156693032,295.4049221877527,0.44618686430313614
98,3,0.1,0.25,8,-0.11014313122808665,271.8887898395273,0.4029918936649948
99,3,0.1,0.25,9,-0.12001697262520829,280.59448838114577,0.4187617269582189
100,3,0.1,0.5,0,-0.10443440099619904,278.0558744022389,0.41549536775594653
101,3,0.1,0.5,1,-0.10586474030634156,288.4364015293091,0.4330604682868541
102,3,0.1,0.5,2,-0.09770882155902759,283.52068307884775,0.4269091773208877
103,3,0.1,0.5,3,-0.10432295349504583,280.39066730426003,0.420553487458766
104,3,0.1,0.5,4,-0.0999442648717337,281.5901682406007,0.42209818096268403
105,3,0.1,0.5,5,-0.10514464499757292,292.1380012937294,0.4424339404114645
106,3,0.1,0.5,6,-0.12505558020593263,280.7706648411782,0.4198163186242556
107,3,0.1,0.5,7,-0.0894375858258817,277.1898879098596,0.41543107368481486
108,3,0.1,0.5,8,-0.10023921897521067,279.2335216230169,0.4193262062992138
109,3,0.1,0.5,9,-0.10265722391434555,281.06043237498324,0.4202603519927317
110,3,0.1,0.75,0,-0.10624948583301846,279.1642516434713,0.4170216148981191
111,3,0.1,0.75,1,-0.13084013285144114,283.9932498220774,0.424785190178403
112,3,0.1,0.75,2,-0.10082479786227316,291.525500251982,0.4392931165359861
113,3,0.1,0.75,3,-0.136754998267679,288.5764366831072,0.4340202724262728
114,3,0.1,0.75,4,-0.10991609741072385,267.7639055016325,0.3977025881759137
115,3,0.1,0.75,5,-0.09829686432817845,266.42258346803044,0.3974599741086224
116,3,0.1,0.75,6,-0.13806378596828747,283.6888840648143,0.4250545539158323
117,3,0.1,0.75,7,-0.1335346250178497,281.38381094588976,0.42216125305761726
118,3,0.1,0.75,8,-0.12151989714258028,276.644496051078,0.4130640978487519
119,3,0.1,0.75,9,-0.13317625183754292,281.9583426276572,0.4230824918473193
120,3,0.25,0.1,0,-0.002656014253933169,312.89168546594476,0.4740308416292193
121,3,0.25,0.1,1,-3.411997984626806e-05,308.8650159330805,0.4658333299364661
122,3,0.25,0.1,2,-0.040493714030026946,318.8857284171036,0.4811143606567804
123,3,0.25,0.1,3,-0.003465445201309198,309.5237599374713,0.46626097798932814
124,3,0.25,0.1,4,-0.005613486010630571,308.7359420354943,0.4684168321207988
125,3,0.25,0.1,5,-0.04252698587870645,325.7569995856151,0.494957639134227
126,3,0.25,0.1,6,0.0020954369501066336,313.1061990140974,0.4745975645528442
127,3,0.25,0.1,7,-0.01724799950845277,317.43460358988517,0.48286481143688453
128,3,0.25,0.1,8,-0.022824644328349967,316.0265464819874,0.47760370194319735
129,3,0.25,0.1,9,-0.012554321537474378,310.46624688297817,0.470070440501224
130,3,0.25,0.25,0,-0.006180755040966097,298.14652999064907,0.4474314148971055
131,3,0.25,0.25,1,-0.020682246181488503,305.41452884151437,0.45816609347276493
132,3,0.25,0.25,2,-0.015929366070569634,304.35983124392317,0.45658649281449776
133,3,0.25,0.25,3,-0.012167354646454687,290.2443234392543,0.4338194579398655
134,3,0.25,0.25,4,0.00011599962851345051,291.83005191689534,0.4364453264208758
135,3,0.25,0.25,5,-0.0008785281266067702,293.3472252031651,0.4385453829975529
136,3,0.25,0.25,6,0.003222923617888641,296.4512799659846,0.446234708653287
137,3,0.25,0.25,7,-0.012392891536875561,299.2363535253534,0.4483740283678208
138,3,0.25,0.25,8,-0.021785115559016393,300.48819957804386,0.4510070965287249
139,3,0.25,0.25,9,0.004522942775023626,303.67886158338155,0.45842478434123146
140,3,0.25,0.5,0,-0.022625417251516563,286.26035840798215,0.43106028674184965
141,3,0.25,0.5,1,0.005874059007330156,296.94872171402693,0.44577396553710785
142,3,0.25,0.5,2,-0.0170410559933966,312.0712420291768,0.4728245132129833
143,3,0.25,0.5,3,-0.014020861652379766,308.84473871314276,0.46990491335388224
144,3,0.25,0.5,4,-0.009846600991804483,290.9857885527881,0.4355626423661844
145,3,0.25,0.5,5,0.0027430371140959448,295.58709785912794,0.4439932770060877
146,3,0.25,0.5,6,0.008542554333642774,301.720624192064,0.45750857740919976
147,3,0.25,0.5,7,-0.011897533663780829,293.5311271248999,0.4385383494747825
148,3,0.25,0.5,8,-0.010249527692637067,300.05509108301686,0.452007333923616
149,3,0.25,0.5,9,0.00985414516129766,294.43255991483255,0.4454979983130997
150,3,0.25,0.75,0,-0.02855746026019283,309.10671457163033,0.46387834708426046
151,3,0.25,0.75,1,0.0011930279627500318,295.4556905594816,0.444714510887043
152,3,0.25,0.75,2,-0.026758437030445156,298.9469119086296,0.44867007146742105
153,3,0.25,0.75,3,-0.010102116025247737,302.58439771603383,0.45685088150823566
154,3,0.25,0.75,4,-0.01598132225229791,294.99551359078083,0.4429747305643841
155,3,0.25,0.75,5,-0.0264682642736002,286.7233813206549,0.43283224208562004
156,3,0.25,0.75,6,0.0002531486348971018,297.5204193201275,0.4478248215468754
157,3,0.25,0.75,7,-0.01831762370557191,304.78461783987024,0.45977805177413783
158,3,0.25,0.75,8,0.00023423567801216885,289.45430021061077,0.43472217249082296
159,3,0.25,0.75,9,-0.0186639528413606,295.07237210553956,0.44461194568594015
160,3,0.5,0.1,0,-0.0037283847748137513,321.96864678884566,0.48442231065516256
161,3,0.5,0.1,1,0.0018673752445219165,321.09406104937443,0.4856704196974982
162,3,0.5,0.1,2,-0.0005244389151436065,311.01294352573717,0.46538872508257545
163,3,0.5,0.1,3,0.016058587892602966,305.7758622713636,0.45988052874309476
164,3,0.5,0.1,4,0.01977520535127572,300.96090971313635,0.45139477220962987
165,3,0.5,0.1,5,0.008973445533496794,306.7576711603341,0.4605877032745123
166,3,0.5,0.1,6,0.011363439969946515,320.4899204676651,0.4837477473474356
167,3,0.5,0.1,7,0.029060253444575326,302.99036345947286,0.4555884503403653
168,3,0.5,0.1,8,0.0056038846626403115,307.13455134262404,0.46158011730749066
169,3,0.5,0.1,9,0.006143434612836775,305.7884295142068,0.45647378400595207
170,3,0.5,0.25,0,0.0149107018760469,304.44021846472674,0.45479168678410503
171,3,0.5,0.25,1,-0.0027920974063296764,299.3278229851749,0.4444708274550854
172,3,0.5,0.25,2,0.0037041842635581143,311.7504977207871,0.46920533091162464
173,3,0.5,0.25,3,0.016997159664318185,297.31185095259303,0.4410294575140557
174,3,0.5,0.25,4,0.006524460816045292,302.0336595240409,0.4505177849870188
175,3,0.5,0.25,5,0.002897788652400308,314.17859287672144,0.47032779099491034
176,3,0.5,0.25,6,-0.004853277862760315,315.0576871290702,0.474812763074216
177,3,0.5,0.25,7,0.011941769107651693,297.83916473766664,0.44296085408708435
178,3,0.5,0.25,8,0.024541748079362893,294.70424057185755,0.4382287512313668
179,3,0.5,0.25,9,0.0031697460402786517,321.8411618480802,0.48377508953428955
180,3,0.5,0.5,0,0.003969931803498042,308.5228347892293,0.46120374474518133
181,3,0.5,0.5,1,-0.004064445964835568,307.416012291086,0.45944548172362715
182,3,0.5,0.5,2,-0.0021394174277855247,306.8686410865436,0.4598268195032193
183,3,0.5,0.5,3,0.0025234723397840656,312.71618170552387,0.46779082338742145
184,3,0.5,0.5,4,0.0011392741364828947,306.1269049444414,0.4588195562937763
185,3,0.5,0.5,5,-0.004293567991979645,311.622217756368,0.4680660902582379
186,3,0.5,0.5,6,-0.011385179475533311,320.6300492125445,0.48222942853588857
187,3,0.5,0.5,7,0.001985986319252601,321.6812113235671,0.48712147824400676
188,3,0.5,0.5,8,-0.0044399352220948025,309.4694963363653,0.46180438914085936
189,3,0.5,0.5,9,0.012257067602273944,303.76527487494036,0.4555552197118322
190,3,0.5,0.75,0,0.007606247533829713,300.37545663994695,0.4479296569132007
191,3,0.5,0.75,1,0.005878642323676325,300.6684696833547,0.44736757603165445
192,3,0.5,0.75,2,-0.005184651594601787,303.5977944427835,0.4522214510537295
193,3,0.5,0.75,3,0.00489894371210121,309.74135123705224,0.46370616822116145
194,3,0.5,0.75,4,0.0040563463772883696,312.235313654153,0.4663896031699522
195,3,0.5,0.75,5,0.011591203735092565,300.2750337896098,0.4456630902662191
196,3,0.5,0.75,6,0.002798624221401508,296.86744072383505,0.44085223293102027
197,3,0.5,0.75,7,0.0035256634018921242,301.4464511184308,0.44572016669626074
198,3,0.5,0.75,8,0.0005222408905118103,306.89902559446165,0.45793605730120923
199,3,0.5,0.75,9,-0.003646053154693273,309.763391047169,0.4626956753232559
200,3,0.75,0.1,0,-0.002710940327420137,323.6968146833778,0.47494068473771217
201,3,0.75,0.1,1,0.003938306815968458,318.5108856943164,0.4669242277583112
202,3,0.75,0.1,2,-0.0012497290630856344,320.69286755377897,0.4679619200423131
203,3,0.75,0.1,3,-0.001830629230505268,320.37160873473533,0.46951706989473346
204,3,0.75,0.1,4,-0.0026650716025626623,311.55608151828454,0.4561482153624319
205,3,0.75,0.1,5,0.004534817534542851,321.2450134000012,0.47052496270579897
206,3,0.75,0.1,6,-0.004810618331586397,316.7861864168555,0.4646127877197846
207,3,0.75,0.1,7,0.005690661667725426,327.2482058980625,0.4807155593068697
208,3,0.75,0.1,8,0.004056157579346016,329.79114006457684,0.484923894243157
209,3,0.75,0.1,9,-0.0013673247055905936,322.89655431848547,0.47493804907196474
210,3,0.75,0.25,0,-0.0025060338281759167,325.4002998867688,0.4763531187408357
211,3,0.75,0.25,1,0.005497501364002501,314.5873970220745,0.45894237429488166
212,3,0.75,0.25,2,0.0015430657615897782,312.08897709121226,0.45472342981285435
213,3,0.75,0.25,3,0.008816436326295496,327.7979749257541,0.4820252604932856
214,3,0.75,0.25,4,0.0040591962632557195,320.684707321087,0.47006355876275396
215,3,0.75,0.25,5,0.00985277792468948,322.346810105759,0.4728972133207116
216,3,0.75,0.25,6,-0.0025359185576653933,319.55421434720785,0.46915024884291273
217,3,0.75,0.25,7,0.00589417930640342,317.7229144302666,0.46505819086971334
218,3,0.75,0.25,8,0.006933958896537408,317.487822394923,0.4644763321963028
219,3,0.75,0.25,9,0.0004872129774377935,319.2043289572556,0.46702128163541134
220,3,0.75,0.5,0,0.0005859691322745442,313.74638644256316,0.4601002341312915
221,3,0.75,0.5,1,-1.908063085853673e-05,316.4499107367711,0.46376392893881285
222,3,0.75,0.5,2,0.002146311985042106,315.33263166435626,0.46186072664311056
223,3,0.75,0.5,3,0.009680634977225258,312.44640964701483,0.45914059824822745
224,3,0.75,0.5,4,0.005730469863605189,321.0002711657231,0.4714376324810378
225,3,0.75,0.5,5,0.002316283853840339,317.782264387615,0.4674892273638313
226,3,0.75,0.5,6,0.00442037931193134,324.35107339339714,0.47713363998295355
227,3,0.75,0.5,7,0.0062680515490267695,317.0541925336409,0.46460956873919795
228,3,0.75,0.5,8,0.0035129815471633776,317.0547345881107,0.4653263832961387
229,3,0.75,0.5,9,-0.004121965511773897,315.1248581510741,0.46184835539472385
230,3,0.75,0.75,0,0.009004793377942416,321.20833264143,0.4708415169519839
231,3,0.75,0.75,1,-0.0011130852484685927,320.3777504836199,0.46902056975475254
232,3,0.75,0.75,2,0.005835085309749295,314.5383561352666,0.4595639467427452
233,3,0.75,0.75,3,0.0026173151282310966,315.51688046950215,0.46111525627082894
234,3,0.75,0.75,4,-0.001969499139500156,319.8872577029525,0.4683698848898213
235,3,0.75,0.75,5,0.0062750237265855185,317.07433743839897,0.4636417348275792
236,3,0.75,0.75,6,-0.000509254164244489,316.9425391588979,0.46388074254730743
237,3,0.75,0.75,7,0.0019183965807281443,394.20989629329097,0.5687681853480057
238,3,0.75,0.75,8,0.010486205041624926,472.36779986107075,0.6826094703823742
239,3,0.75,0.75,9,0.0028856764061341855,472.8041480742739,0.6871154296875246
240,5,0.01,0.1,0,-0.717365509325666,248.34511656937516,0.372668573562549
241,5,0.01,0.1,1,-0.7684731012335031,249.7050876319053,0.3746725519807947
242,5,0.01,0.1,2,-0.8506134066111164,247.83176217146706,0.3700382159662286
243,5,0.01,0.1,3,-0.8090069550370598,249.33950457481822,0.3731493359637786
244,5,0.01,0.1,4,-0.7563142542439106,261.3752272004793,0.39363521421414416
245,5,0.01,0.1,5,-0.7594463382516464,252.15476747499588,0.37891804940264434
246,5,0.01,0.1,6,-0.8119292864427532,255.47483058553289,0.3855631596077836
247,5,0.01,0.1,7,-0.6892805318600694,248.855222198737,0.37454509958698406
248,5,0.01,0.1,8,-0.8144194809752238,233.81598257318217,0.3482578769918541
249,5,0.01,0.1,9,-0.7575200872375359,254.83298564169036,0.3820879885942561
250,5,0.01,0.25,0,-0.7941747663175183,248.97354277247155,0.37232353161325515
251,5,0.01,0.25,1,-0.8327015418570919,251.26817271925975,0.3761334037271659
252,5,0.01,0.25,2,-0.7065677436850515,238.70740146798025,0.35699369868269804
253,5,0.01,0.25,3,-0.8551618538224929,244.65705699380226,0.3629652845197344
254,5,0.01,0.25,4,-0.7719711862443445,254.23244194017624,0.3842315329989349
255,5,0.01,0.25,5,-0.6320994861409653,249.60761621859092,0.3780560450133017
256,5,0.01,0.25,6,-0.8305802007189164,249.27617956703352,0.37356699298401813
257,5,0.01,0.25,7,-0.7962290328702943,240.35278710117697,0.35879912955305837
258,5,0.01,0.25,8,-0.6815197363125011,244.93262738699207,0.3676711775088585
259,5,0.01,0.25,9,-0.8191851051951039,245.33506220220974,0.3689261801421105
260,5,0.01,0.5,0,-0.7474154997608413,258.04540119852993,0.38871883880750585
261,5,0.01,0.5,1,-0.7129094373496008,245.57953072240886,0.36750107162763185
262,5,0.01,0.5,2,-0.8204849702917821,246.17804807747476,0.3684202406718407
263,5,0.01,0.5,3,-0.8231978667583809,258.55425537770026,0.3917040537286753
264,5,0.01,0.5,4,-0.7198624746967397,253.6085531887496,0.38026794630588645
265,5,0.01,0.5,5,-0.6487558258440854,252.39688877479716,0.38219823846616335
266,5,0.01,0.5,6,-0.7854670051006671,255.69916684925457,0.38394565436482536
267,5,0.01,0.5,7,-0.75713437997923,243.3341761306393,0.3670343196205259
268,5,0.01,0.5,8,-0.7161053424690519,250.20068357717898,0.37682448739776725
269,5,0.01,0.5,9,-0.8089354098877966,245.12119035726263,0.36714225166297876
270,5,0.01,0.75,0,-0.8045441765396504,254.8882663808971,0.384510895541385
271,5,0.01,0.75,1,-0.758078567993767,248.02599060109966,0.3716785865562386
272,5,0.01,0.75,2,-0.6978728469004535,250.38795304122777,0.37641738002072506
273,5,0.01,0.75,3,-0.7124246984043547,252.8992425795203,0.3805081085818598
274,5,0.01,0.75,4,-0.7024995758093894,244.01524979474686,0.365455168787112
275,5,0.01,0.75,5,-0.7530411474151478,254.12213247240254,0.3832107796282223
276,5,0.01,0.75,6,-0.7216334436005236,244.84332105748265,0.3664461505945064
277,5,0.01,0.75,7,-0.7913790216199819,245.08017269876223,0.36570540982283584
278,5,0.01,0.75,8,-0.7772862509370526,244.41423300944814,0.366491086351083
279,5,0.01,0.75,9,-0.7360778562487024,253.60056639244226,0.38273416529597054
280,5,0.05,0.1,0,-0.5975343295256983,331.042017474597,0.4943522569303707
281,5,0.05,0.1,1,-0.5088721664164279,335.551760323317,0.5048015212762452
282,5,0.05,0.1,2,-0.49392236173600557,334.71315762493265,0.5044134571571505
283,5,0.05,0.1,3,-0.5077242902808975,331.79633216218923,0.4992531053430323
284,5,0.05,0.1,4,-0.5188039106697677,330.26826432875055,0.49517044921785597
285,5,0.05,0.1,5,-0.5093370162634585,338.6507959248351,0.5112476224254978
286,5,0.05,0.1,6,-0.5556858736020175,330.05776371564787,0.4932229630700699
287,5,0.05,0.1,7,-0.5440408898469021,333.5443416803184,0.4997264685024634
288,5,0.05,0.1,8,-0.5338534454005511,331.37019216650145,0.49658643685731657
289,5,0.05,0.1,9,-0.5364113436831882,328.3976679532486,0.49092892134862015
290,5,0.05,0.25,0,-0.5253956477206446,333.1184942471918,0.5008346705147902
291,5,0.05,0.25,1,-0.5326474318651143,333.7993507886148,0.49924431261695307
292,5,0.05,0.25,2,-0.4940094050529755,334.96402208005867,0.5031237779119967
293,5,0.05,0.25,3,-0.5252308318047062,328.7540281354559,0.4914774473814625
294,5,0.05,0.25,4,-0.5632852696403844,326.9733327596553,0.48845428486506176
295,5,0.05,0.25,5,-0.497555601763223,333.84169972299077,0.5029245491526858
296,5,0.05,0.25,6,-0.5316526420353317,335.9676624216548,0.5037875509900059
297,5,0.05,0.25,7,-0.5086690068547539,333.8820281534511,0.5005214472373568
298,5,0.05,0.25,8,-0.5444561724085027,333.4130196836668,0.5009952673477586
299,5,0.05,0.25,9,-0.48842211516389256,335.61237003112166,0.5039896888543839
300,5,0.05,0.5,0,-0.5571899513736093,332.55459778647804,0.4975475109297447
301,5,0.05,0.5,1,-0.5378961072961361,334.96602013691376,0.5017693212081916
302,5,0.05,0.5,2,-0.4554905652529034,339.41728521083104,0.5122970889260884
303,5,0.05,0.5,3,-0.5297475489270494,339.782286826413,0.5117276334820581
304,5,0.05,0.5,4,-0.51375764211501,332.5170327806815,0.49851087434600566
305,5,0.05,0.5,5,-0.5217806502029175,337.1856356606347,0.5069979490616395
306,5,0.05,0.5,6,-0.4978629540770306,335.92588648881275,0.5052782057368888
307,5,0.05,0.5,7,-0.5487737620305112,337.25227193567076,0.5051260550996379
308,5,0.05,0.5,8,-0.5553294396444942,331.2281281995137,0.4957533754455065
309,5,0.05,0.5,9,-0.5273325569426824,334.49723909230903,0.5027124207369215
310,5,0.05,0.75,0,-0.5059273858587315,329.26127930141655,0.493263703700156
311,5,0.05,0.75,1,-0.5441124342885783,338.0513189988727,0.5062728687009904
312,5,0.05,0.75,2,-0.46586757661261613,332.8552075378553,0.5013299897964928
313,5,0.05,0.75,3,-0.5390219973880314,328.15874101406706,0.4916460441819002
314,5,0.05,0.75,4,-0.5000921617927069,336.1832707544042,0.5062766472987253
315,5,0.05,0.75,5,-0.49849079358905163,332.2178999928707,0.4991684023765293
316,5,0.05,0.75,6,-0.5332424243657764,329.8329849119368,0.4925261216948325
317,5,0.05,0.75,7,-0.5158327890053996,333.15758061415033,0.49929654667187967
318,5,0.05,0.75,8,-0.5013446293759037,333.98467600727474,0.5017873009528059
319,5,0.05,0.75,9,-0.5194072362036463,331.88626457563237,0.49755231548938844
320,5,0.1,0.1,0,-0.23273976451020037,369.88408532253135,0.5597973782274424
321,5,0.1,0.1,1,-0.25549560320521425,368.8151563426606,0.555336076193338
322,5,0.1,0.1,2,-0.2559599715478457,368.9881343015636,0.5552178211777187
323,5,0.1,0.1,3,-0.2637550989332616,365.67687905165667,0.5493647136853351
324,5,0.1,0.1,4,-0.24991878179907187,369.0416980623841,0.5545148580894964
325,5,0.1,0.1,5,-0.24566802402788177,364.5700849737207,0.5489257760322122
326,5,0.1,0.1,6,-0.296684815148593,366.21291757047567,0.5499254336962945
327,5,0.1,0.1,7,-0.2693708273955253,367.1611160329582,0.5534718717595973
328,5,0.1,0.1,8,-0.2389587622018906,366.89822091043123,0.5530664288654159
329,5,0.1,0.1,9,-0.228653027506354,368.6444758186696,0.5555585545632897
330,5,0.1,0.25,0,-0.30776249431203756,365.2754029477822,0.5477690256503752
331,5,0.1,0.25,1,-0.2605665463805052,363.6956296204414,0.5458481761547246
332,5,0.1,0.25,2,-0.2400698268497807,365.27715235680404,0.550240840116324
333,5,0.1,0.25,3,-0.3145337070370983,367.8158902029538,0.5523685388001409
334,5,0.1,0.25,4,-0.28347349898867474,360.7967815582645,0.5403747611164739
335,5,0.1,0.25,5,-0.2736257546398675,364.9356915176705,0.548324765865381
336,5,0.1,0.25,6,-0.27850864976431056,363.5262216431604,0.5454502192359413
337,5,0.1,0.25,7,-0.27396479398915563,364.2803045846021,0.5482097724977374
338,5,0.1,0.25,8,-0.3116881873336798,364.9387454640539,0.5470194536762941
339,5,0.1,0.25,9,-0.28290215943538694,367.88558933963077,0.5530584373710782
340,5,0.1,0.5,0,-0.33300544006412464,364.36900270162647,0.5442853741163537
341,5,0.1,0.5,1,-0.32150828626340233,363.48698224551373,0.543925429731567
342,5,0.1,0.5,2,-0.30468555434582173,365.8427538770018,0.5483896229523713
343,5,0.1,0.5,3,-0.3121715071406262,364.94485981694515,0.5460411307375784
344,5,0.1,0.5,4,-0.28638330956488117,364.43131706816604,0.5469852659465375
345,5,0.1,0.5,5,-0.30564286865269413,365.0402534363066,0.5453822687791906
346,5,0.1,0.5,6,-0.2624262759404084,369.3066428204127,0.5560104014882644
347,5,0.1,0.5,7,-0.32037114835505187,363.79887963402916,0.5438056427932544
348,5,0.1,0.5,8,-0.2411035007196808,363.8984920750461,0.5454776029408102
349,5,0.1,0.5,9,-0.25934659231967844,367.11014238657486,0.5513792514082926
350,5,0.1,0.75,0,-0.27309552337592485,361.77820659064946,0.542709130774958
351,5,0.1,0.75,1,-0.2643091169490353,361.149919240045,0.539904352388199
352,5,0.1,0.75,2,-0.26435990842028884,363.3366194245427,0.5458473859760974
353,5,0.1,0.75,3,-0.28398062590457157,366.3380781178717,0.5515795923792929
354,5,0.1,0.75,4,-0.3340782639423205,364.7982655809976,0.54500902401697
355,5,0.1,0.75,5,-0.29515524302934754,364.62484403716235,0.5470204613043349
356,5,0.1,0.75,6,-0.30373285471240496,362.6861483034413,0.5423688076325904
357,5,0.1,0.75,7,-0.3442812906850463,366.9810313751703,0.5498033495545206
358,5,0.1,0.75,8,-0.3100137545948354,363.2365288383678,0.5428582956146185
359,5,0.1,0.75,9,-0.2752395279838214,363.17332589228613,0.5442599057623217
360,5,0.25,0.1,0,-0.03433802218001707,413.2689105713683,0.6124206700125924
361,5,0.25,0.1,1,-0.04568604204148873,413.3677272332771,0.6120396422144655
362,5,0.25,0.1,2,-0.03014028173231811,414.14917505112777,0.6152803571906794
363,5,0.25,0.1,3,-0.04851302054051321,412.81789051785626,0.6126286808559315
364,5,0.25,0.1,4,-0.04629745842194205,413.8582751673475,0.6151761290589931
365,5,0.25,0.1,5,-0.05410920264043093,415.49926077134273,0.6170639292877002
366,5,0.25,0.1,6,-0.04012721036762972,413.88333077077715,0.6156507460441197
367,5,0.25,0.1,7,-0.05508166743355158,414.1905468015422,0.6135975642624273
368,5,0.25,0.1,8,-0.05442882149041051,413.1271134881051,0.6133365859047873
369,5,0.25,0.1,9,-0.03318293948660883,414.0381282082837,0.6137045240595064
370,5,0.25,0.25,0,-0.03905228432952083,408.86325283205724,0.6033915160669724
371,5,0.25,0.25,1,-0.05943587269965344,410.2818075375235,0.6055042183136351
372,5,0.25,0.25,2,-0.03967340227380759,410.64219143164047,0.6058449448958872
373,5,0.25,0.25,3,-0.04293435028631407,410.26938383315456,0.6054969174140991
374,5,0.25,0.25,4,-0.042041124092472966,408.63361654095894,0.6023084388489316
375,5,0.25,0.25,5,-0.047431814602323145,409.4051184986126,0.6033303289088744
376,5,0.25,0.25,6,-0.05864368077847649,408.77108301839326,0.6018719342029893
377,5,0.25,0.25,7,-0.04800166914493165,408.8300742563938,0.6026476234648431
378,5,0.25,0.25,8,-0.033509438016623164,410.0177317499397,0.6052328001587789
379,5,0.25,0.25,9,-0.05070500767648606,410.33482873873476,0.6050985469842082
380,5,0.25,0.5,0,-0.05510814592976454,411.4245570537114,0.6068316047080915
381,5,0.25,0.5,1,-0.0717191179315124,410.5383780224574,0.6057209587949873
382,5,0.25,0.5,2,-0.06717006847830383,409.23377097298527,0.6039261632923832
383,5,0.25,0.5,3,-0.054725857672278805,411.2011422096223,0.6069088123929153
384,5,0.25,0.5,4,-0.06806880310975726,410.4494444859597,0.6041971681059142
385,5,0.25,0.5,5,-0.07142929226503175,409.8772201632052,0.6048444506598043
386,5,0.25,0.5,6,-0.060698893465423176,411.0848541620962,0.6068298758655609
387,5,0.25,0.5,7,-0.07466038795141826,411.1676144560674,0.6078912523916428
388,5,0.25,0.5,8,-0.056316633609676536,409.3593524921045,0.6028907354715308
389,5,0.25,0.5,9,-0.06570734175017354,410.7341113306943,0.605686431481702
390,5,0.25,0.75,0,-0.06920122921520167,408.0948211429897,0.6002050463046884
391,5,0.25,0.75,1,-0.05658413951393656,408.5230948585078,0.599679060414489
392,5,0.25,0.75,2,-0.059975263338071204,410.56373859583135,0.6048794543731498
393,5,0.25,0.75,3,-0.05101253840117712,407.05513689969666,0.598793984274745
394,5,0.25,0.75,4,-0.06393604136034116,409.81125134244684,0.6022937616429985
395,5,0.25,0.75,5,-0.08858934437867187,408.996038448724,0.6024160379292479
396,5,0.25,0.75,6,-0.043117544318594235,409.6410377887669,0.6038868409323759
397,5,0.25,0.75,7,-0.07301336856204775,409.5549304087579,0.6023529275888619
398,5,0.25,0.75,8,-0.06623220363588055,408.98424816508856,0.6017579123212439
399,5,0.25,0.75,9,-0.0840892622546721,410.4933871449119,0.6038887469577373
400,5,0.5,0.1,0,0.005933320763982439,448.1190827705284,0.6492007141552679
401,5,0.5,0.1,1,0.011086190666662207,447.94131184891756,0.6499875704195568
402,5,0.5,0.1,2,0.008432769295811673,447.9440745622601,0.6493979861669655
403,5,0.5,0.1,3,-0.00028710500742939554,449.0449021258621,0.6511073450318731
404,5,0.5,0.1,4,0.007948363324031718,448.37702657159485,0.6500961132158527
405,5,0.5,0.1,5,0.010682099912415246,447.71219710701047,0.6484294226531021
406,5,0.5,0.1,6,0.004076062093424436,448.03039674016236,0.649057639172853
407,5,0.5,0.1,7,-0.001458187909467908,448.01135377492136,0.6498917473517678
408,5,0.5,0.1,8,0.008155094382128919,447.3495780168926,0.6485500492529317
409,5,0.5,0.1,9,0.0109495205012409,447.86019791123954,0.6485646755965377
410,5,0.5,0.25,0,0.0005275959340283835,445.3659122468227,0.6454561052877525
411,5,0.5,0.25,1,0.00527763364867644,445.24880042652086,0.6458639786293286
412,5,0.5,0.25,2,0.00616547594398822,444.9890858170397,0.6433889934049936
413,5,0.5,0.25,3,0.0009866681993897924,446.0319163465886,0.6471395842396888
414,5,0.5,0.25,4,0.014518257000408916,445.4947661360224,0.6469745768163078
415,5,0.5,0.25,5,0.008291636171940836,445.46925221454006,0.645094651674562
416,5,0.5,0.25,6,0.0033995644950679804,445.24062269796383,0.645983378940147
417,5,0.5,0.25,7,0.007131631322087481,444.85712785179106,0.6456406380707014
418,5,0.5,0.25,8,0.00042330373579961555,445.7673491198961,0.6457960322505096
419,5,0.5,0.25,9,0.011234181827668915,445.08735087414897,0.6464808516861412
420,5,0.5,0.5,0,-0.00014986484234943975,446.8414988662375,0.6487244291372227
421,5,0.5,0.5,1,0.006235572960797686,446.99616728549535,0.6488437169366988
422,5,0.5,0.5,2,0.0075466522701982995,447.1956231043188,0.649914815546258
423,5,0.5,0.5,3,-0.0014620406542615455,446.6681172387409,0.650152142337949
424,5,0.5,0.5,4,0.006281356397247621,447.1031754213747,0.6491387174854284
425,5,0.5,0.5,5,-0.007454708546264256,446.3264042069206,0.6486681365572889
426,5,0.5,0.5,6,0.007210466994349495,446.4823959111438,0.6493757242870265
427,5,0.5,0.5,7,0.004740452674017163,447.4084947152831,0.6489089896103513
428,5,0.5,0.5,8,0.007478657797492368,446.48018825789126,0.6475816568560793
429,5,0.5,0.5,9,0.0005341378465694111,447.3065807700497,0.650383796523455
430,5,0.5,0.75,0,0.002673405634246164,447.38887087011113,0.6494919542066685
431,5,0.5,0.75,1,0.00627142920391624,446.8159200377168,0.6499147589601526
432,5,0.5,0.75,2,0.006534323441457189,447.0658248001733,0.6493678501543877
433,5,0.5,0.75,3,0.004354429766043662,444.9089528769502,0.6457558314600086
434,5,0.5,0.75,4,0.008797165336092455,446.58873053152865,0.6485249287564613
435,5,0.5,0.75,5,-0.003271184364888477,446.3639859871633,0.6477853254096401
436,5,0.5,0.75,6,-0.0027943971925950737,447.24646884651247,0.6497668852642439
437,5,0.5,0.75,7,0.0062891052453797934,446.34393357954076,0.6467338685516681
438,5,0.5,0.75,8,0.005832902912210784,446.1641624178549,0.6478498792300827
439,5,0.5,0.75,9,0.005198809315444489,445.58371981814275,0.647017598763273
440,5,0.75,0.1,0,-0.00679999544158906,478.3480999890227,0.6967840043086385
441,5,0.75,0.1,1,-0.0021803908766824995,478.59442482518784,0.6973611629833916
442,5,0.75,0.1,2,-0.000577687814812114,479.2244983759833,0.6988311104496493
443,5,0.75,0.1,3,-0.0018136581764272158,478.1392222413651,0.6962403189115021
444,5,0.75,0.1,4,-0.0012152618309198514,478.9261758759351,0.6979534090246649
445,5,0.75,0.1,5,-0.0010668602647538005,478.8330532906968,0.6983122714716083
446,5,0.75,0.1,6,-0.0004015590972022744,478.5980787887008,0.6967240211675477
447,5,0.75,0.1,7,-0.002798057857123402,478.12666868630095,0.6964318095965271
448,5,0.75,0.1,8,-0.0020831501629596607,478.4001889411981,0.6969924038008072
449,5,0.75,0.1,9,-7.464564505877773e-05,478.52179013883307,0.6971381705761913
450,5,0.75,0.25,0,0.0024945685831897677,475.06687586572156,0.6886836497305583
451,5,0.75,0.25,1,0.002119638434820867,474.7854679268198,0.6881436691210497
452,5,0.75,0.25,2,0.0059982347705310884,474.92936044788195,0.6887676585494217
453,5,0.75,0.25,3,0.006752777209446809,475.1534499378101,0.6893452788279815
454,5,0.75,0.25,4,0.000460087444301339,475.2893530228671,0.6885326910697637
455,5,0.75,0.25,5,0.0065266173006312544,475.5397285374582,0.6898001607471883
456,5,0.75,0.25,6,-0.00041065328000661666,475.4292439013452,0.6894449691242834
457,5,0.75,0.25,7,-0.005667706656156936,475.31442192031403,0.6892313706891372
458,5,0.75,0.25,8,0.0016286687774750102,475.62246996460084,0.6900899502182806
459,5,0.75,0.25,9,0.009231480531910294,474.55133380933603,0.6883180998485162
460,5,0.75,0.5,0,0.0017583089872697983,473.5170884475099,0.6853348690612847
461,5,0.75,0.5,1,0.000985353554716989,474.13797108127113,0.6853290015585686
462,5,0.75,0.5,2,0.002787298152235315,473.8836471819247,0.6855411965444743
463,5,0.75,0.5,3,0.002892125089907998,472.72097967427317,0.6825356858166831
464,5,0.75,0.5,4,0.0007773914975338405,473.6694700181515,0.6853980511047713
465,5,0.75,0.5,5,0.0008385703253156601,474.0419898165314,0.6856957554148696
466,5,0.75,0.5,6,0.008270573390781766,473.88806312858173,0.6862403969886476
467,5,0.75,0.5,7,0.0053525896891428405,473.4554128018851,0.6846722253227083
468,5,0.75,0.5,8,0.0007659031263750476,473.6721664711854,0.686100811340717
469,5,0.75,0.5,9,0.0036889974500992537,473.0664805818985,0.6852738295570635
470,5,0.75,0.75,0,-0.00200561766726666,473.4419349192578,0.6880336296425466
471,5,0.75,0.75,1,0.0023497578912771294,473.60648334497597,0.6863935216058746
472,5,0.75,0.75,2,-0.0022393540616082405,473.62478720049916,0.6872029196616318
473,5,0.75,0.75,3,0.0013535753610646785,472.9903064827199,0.6853852758737341
474,5,0.75,0.75,4,-0.0008562210653085175,474.385966503656,0.689105663747197
475,5,0.75,0.75,5,0.010279570471960377,473.1634550555884,0.6870613290110157
476,5,0.75,0.75,6,0.004491436479986746,472.0981489589007,0.6842358664592743
477,5,0.75,0.75,7,0.002176753965785483,473.35914976860477,0.6857038986070757
478,5,0.75,0.75,8,0.007264685055431222,473.77885895620165,0.6892751372933824
479,5,0.75,0.75,9,0.0005242421569922745,472.8353289085942,0.6856537389282625
480,10,0.01,0.1,0,-0.7730050669505825,246.85565729161303,0.3692625687031064
481,10,0.01,0.1,1,-0.7336293773322448,258.44139770208454,0.3901236100047561
482,10,0.01,0.1,2,-0.7555981630512,249.22654508382286,0.3731412680729735
483,10,0.01,0.1,3,-0.7425523393209926,248.47998209240066,0.37322196208928937
484,10,0.01,0.1,4,-0.7193780601552474,250.2595406493189,0.3778974470079843
485,10,0.01,0.1,5,-0.7737897100326222,264.32170620017297,0.40173749950497034
486,10,0.01,0.1,6,-0.7242601318632302,254.67946532387143,0.3825400659030042
487,10,0.01,0.1,7,-0.8285953742658747,257.5867951705183,0.38905966262102787
488,10,0.01,0.1,8,-0.7045530358215418,254.7506272541177,0.38350572636862323
489,10,0.01,0.1,9,-0.8179102236213418,245.12658724974267,0.3641626624028647
490,10,0.01,0.25,0,-0.8099877497833484,245.9509342483451,0.366766634645099
491,10,0.01,0.25,1,-0.7112870850161576,248.50634524645182,0.37398466365635774
492,10,0.01,0.25,2,-0.7447477317502641,252.3690855611098,0.38201540037419535
493,10,0.01,0.25,3,-0.6858786168055354,242.39937046426678,0.36252832620911263
494,10,0.01,0.25,4,-0.6961828208081532,255.63767863379692,0.3873801113437496
495,10,0.01,0.25,5,-0.7325332364122427,257.7122288876164,0.38794527311201626
496,10,0.01,0.25,6,-0.6481345186746988,260.52715737876764,0.39501061244015806
497,10,0.01,0.25,7,-0.7358682319584666,248.08545093620788,0.36975251570822737
498,10,0.01,0.25,8,-0.6732789687159046,259.62958081772314,0.39326785084221405
499,10,0.01,0.25,9,-0.6998210967936407,247.04819253875266,0.37042356975774043
500,10,0.01,0.5,0,-0.8391998456099476,248.66495698173478,0.3732728992927508
501,10,0.01,0.5,1,-0.817020604971428,240.23459056619222,0.35810106104242
502,10,0.01,0.5,2,-0.7383280479707697,246.43963349689815,0.36940884711846983
503,10,0.01,0.5,3,-0.7219336107252304,251.36710693415264,0.37641218228640677
504,10,0.01,0.5,4,-0.8365754223104083,246.77602355957742,0.36713658691461243
505,10,0.01,0.5,5,-0.7760375771505816,242.79460310467093,0.35968579402122236
506,10,0.01,0.5,6,-0.7745181210564084,244.7611743448666,0.36680158650478106
507,10,0.01,0.5,7,-0.8463508369434117,242.11169474222234,0.36161151729094404
508,10,0.01,0.5,8,-0.7688769068098017,244.15611389806134,0.36562280236099537
509,10,0.01,0.5,9,-0.7955426575365948,249.8657656444088,0.3749875084642249
510,10,0.01,0.75,0,-0.806009574233002,248.47285861873942,0.3706389488638555
511,10,0.01,0.75,1,-0.782850895846208,250.5849380105537,0.37568981385515765
512,10,0.01,0.75,2,-0.7826327535702869,252.33681077294614,0.3775011951297573
513,10,0.01,0.75,3,-0.7005501329010088,257.64651259568046,0.3879455457621885
514,10,0.01,0.75,4,-0.7691649029992962,243.23979831184522,0.36435815711117775
515,10,0.01,0.75,5,-0.6051276850358653,251.9445485301325,0.38062074388408434
516,10,0.01,0.75,6,-0.7996396857244527,247.4900536327523,0.3717247588919195
517,10,0.01,0.75,7,-0.7662125151959583,249.10709638597632,0.3724671683938681
518,10,0.01,0.75,8,-0.7814237291203456,256.56228572607364,0.3853782901592651
519,10,0.01,0.75,9,-0.7617775239748298,245.74149151231197,0.36677337903102236
520,10,0.05,0.1,0,-0.5455107328024253,332.7550879352629,0.4990354740010801
521,10,0.05,0.1,1,-0.5500038196857355,331.2044144520033,0.4965738235641443
522,10,0.05,0.1,2,-0.5796220547532184,338.20043083835156,0.5065794531392882
523,10,0.05,0.1,3,-0.5097165916419972,329.8707546655259,0.4969810559171613
524,10,0.05,0.1,4,-0.45962708926238277,335.18359945426636,0.5060306990139037
525,10,0.05,0.1,5,-0.49354089012656793,333.9900160527887,0.5022860272010855
526,10,0.05,0.1,6,-0.4527544501152508,337.6853386389433,0.5112403153331507
527,10,0.05,0.1,7,-0.5149818307453765,339.3263010989034,0.5087306677462342
528,10,0.05,0.1,8,-0.536442139805005,336.0953897579846,0.5050320415458601
529,10,0.05,0.1,9,-0.5167328309457071,336.81034910964894,0.5071735778461488
530,10,0.05,0.25,0,-0.4957397280494968,333.3167980749535,0.501288500132679
531,10,0.05,0.25,1,-0.5107897331933532,329.9898377662792,0.4943855180563353
532,10,0.05,0.25,2,-0.5477136280235597,332.62139263627853,0.4981657054837343
533,10,0.05,0.25,3,-0.5214519194630324,333.9883233783541,0.5011129536866042
534,10,0.05,0.25,4,-0.5297426148413034,332.00235473004585,0.4986994753629199
535,10,0.05,0.25,5,-0.5490991932388144,333.2590301688793,0.4984514551591958
536,10,0.05,0.25,6,-0.5066682709949281,331.05453883196225,0.49690520127988114
537,10,0.05,0.25,7,-0.5335116434429784,329.20990816472886,0.4930665233998836
538,10,0.05,0.25,8,-0.49750407007469183,335.7812571068125,0.5043356935274929
539,10,0.05,0.25,9,-0.4974631829828573,334.4595808223451,0.5018943495124929
540,10,0.05,0.5,0,-0.5698660841676912,328.126578258062,0.48868408530989216
541,10,0.05,0.5,1,-0.5054501525249072,331.5264114898562,0.4967717105640593
542,10,0.05,0.5,2,-0.535327336496184,331.5718163892529,0.49682955172186477
543,10,0.05,0.5,3,-0.5154319861014672,336.8932591731072,0.5075916828451462
544,10,0.05,0.5,4,-0.48512061193537165,330.5159046115244,0.4968925053515492
545,10,0.05,0.5,5,-0.5385745592051027,334.9966574993609,0.5036490850218542
546,10,0.05,0.5,6,-0.502393809636323,335.5836436297637,0.5039337095776872
547,10,0.05,0.5,7,-0.4790619520794394,335.2975129679151,0.5063578304379625
548,10,0.05,0.5,8,-0.5175414034520106,335.36012596823616,0.5025046663768408
549,10,0.05,0.5,9,-0.5218985927968712,330.0111985832044,0.49548975101312936
550,10,0.05,0.75,0,-0.5649463931095381,333.28629738660794,0.4992851149302248
551,10,0.05,0.75,1,-0.522241767630752,331.05391554021975,0.49360332755714453
552,10,0.05,0.75,2,-0.4999363947578315,335.39957498111596,0.5046539731150138
553,10,0.05,0.75,3,-0.5435162590904149,337.9480879027719,0.5065513277408651
554,10,0.05,0.75,4,-0.5119972290520386,331.80824780182115,0.500048030909664
555,10,0.05,0.75,5,-0.5139367876034456,326.7081570821362,0.4893063335259667
556,10,0.05,0.75,6,-0.46411199215001764,331.36559906779104,0.49778098463275183
557,10,0.05,0.75,7,-0.5310268038326463,333.2183501504367,0.4995023722431739
558,10,0.05,0.75,8,-0.4877553501519614,332.6003991667881,0.4992666071708216
559,10,0.05,0.75,9,-0.5699786651615649,333.5020395184495,0.4988033481219753
560,10,0.1,0.1,0,-0.28204801323898326,371.7503319625039,0.5603191799820525
561,10,0.1,0.1,1,-0.2529586575927423,373.5610784185624,0.5647116441862686
562,10,0.1,0.1,2,-0.22920072075354772,371.1031421724401,0.5606717028570062
563,10,0.1,0.1,3,-0.24762835718460344,371.22922593871,0.5613724788957309
564,10,0.1,0.1,4,-0.2567816627865856,369.3030227089643,0.5571442692623816
565,10,0.1,0.1,5,-0.26310501378050316,372.3081589268827,0.5617099309309824
566,10,0.1,0.1,6,-0.22602217413698733,367.869761613418,0.5541230377853686
567,10,0.1,0.1,7,-0.2424917415056407,368.64109958920807,0.5579733022740301
568,10,0.1,0.1,8,-0.24083414282246396,372.6560446141086,0.5627045565263082
569,10,0.1,0.1,9,-0.23484435387757485,371.78673953249154,0.5627141598478995
570,10,0.1,0.25,0,-0.28137733790387914,365.5938000778128,0.5496768164972149
571,10,0.1,0.25,1,-0.2988861951648194,365.85548843791776,0.5484870494641979
572,10,0.1,0.25,2,-0.2674579984836018,363.9672560090148,0.5477279825850436
573,10,0.1,0.25,3,-0.27733370622964937,366.5901672109676,0.5504463280975053
574,10,0.1,0.25,4,-0.27547331611724224,363.4245342556317,0.5441296425858579
575,10,0.1,0.25,5,-0.22984070840530132,367.5329504336634,0.5566730243908938
576,10,0.1,0.25,6,-0.24907342031150267,365.16347594783946,0.548832585063715
577,10,0.1,0.25,7,-0.27486462682057966,364.79172327797164,0.5483402930929165
578,10,0.1,0.25,8,-0.25688101075024194,364.71210824034915,0.5482061882288182
579,10,0.1,0.25,9,-0.2738202675900738,362.1349082271078,0.5437103887350051
580,10,0.1,0.5,0,-0.27594558472734,364.3140588869903,0.5468133034429808
581,10,0.1,0.5,1,-0.29138388610648586,362.57374237632433,0.5427203665305903
582,10,0.1,0.5,2,-0.3005504355157687,365.70223823053794,0.5475626713368519
583,10,0.1,0.5,3,-0.2775667238152639,361.7957900556314,0.5433598345515587
584,10,0.1,0.5,4,-0.2690244167344153,367.748641733694,0.5528422005159094
585,10,0.1,0.5,5,-0.29223610151274965,365.04568212238934,0.5474742022771862
586,10,0.1,0.5,6,-0.29643643408657444,365.45790898123624,0.5469189904378052
587,10,0.1,0.5,7,-0.2879737129444551,365.1566466835652,0.5484438035264783
588,10,0.1,0.5,8,-0.28398622284573966,365.4098957821322,0.5492331586609654
589,10,0.1,0.5,9,-0.2824449255946001,363.02389550052675,0.5432186263679876
590,10,0.1,0.75,0,-0.304003593353611,364.83573730808644,0.5461152989694463
591,10,0.1,0.75,1,-0.2982268136188586,366.5208842438472,0.54948047064034
592,10,0.1,0.75,2,-0.27443504272664704,364.8140695121162,0.546547405342204
593,10,0.1,0.75,3,-0.3027787076540032,362.451204036801,0.5434728198784385
594,10,0.1,0.75,4,-0.31443858663635516,363.00718755336226,0.5427198985874885
595,10,0.1,0.75,5,-0.28068417124002415,365.0173240936188,0.5487044984265335
596,10,0.1,0.75,6,-0.27449503045036455,366.00150777246904,0.549206802671289
597,10,0.1,0.75,7,-0.3019447266885635,363.0949817027783,0.5422963244542921
598,10,0.1,0.75,8,-0.31838206378916334,364.3625964487616,0.5458251336106317
599,10,0.1,0.75,9,-0.2918505151943018,363.6956224005046,0.545250790891827
600,10,0.25,0.1,0,-0.010873788590766499,416.70035636834547,0.6197867054718671
601,10,0.25,0.1,1,-0.011420275446445714,418.64609500221803,0.6235276020252681
602,10,0.25,0.1,2,-0.041863982817019994,418.8718773489417,0.6231529706136275
603,10,0.25,0.1,3,-0.03551900861258847,415.609150694215,0.6160902172196535
604,10,0.25,0.1,4,-0.023022804112021317,417.61805490496613,0.6233977867407806
605,10,0.25,0.1,5,-0.03383278925037663,416.69222596667305,0.6199534054603776
606,10,0.25,0.1,6,-0.046378742791049,415.95926475103835,0.6186474887252548
607,10,0.25,0.1,7,-0.028196863801756834,418.0312182879652,0.6220362034722399
608,10,0.25,0.1,8,-0.013903493177600259,417.4650811258805,0.6218911338509845
609,10,0.25,0.1,9,-0.029299253218686164,415.66875178908384,0.6174037131846011
610,10,0.25,0.25,0,-0.05298341612027544,410.24049830724056,0.6058974831518843
611,10,0.25,0.25,1,-0.05084284107061582,410.6499935443773,0.6062834581762185
612,10,0.25,0.25,2,-0.04864663267918628,409.42684445297937,0.6025442666668371
613,10,0.25,0.25,3,-0.06693752708954774,410.0378479050012,0.605071718576911
614,10,0.25,0.25,4,-0.048458102077168386,410.1944848025707,0.603557849943499
615,10,0.25,0.25,5,-0.05425519190489217,409.98090088891666,0.6043114526382036
616,10,0.25,0.25,6,-0.04345200814587433,412.38390985229347,0.6096136710687579
617,10,0.25,0.25,7,-0.052132105171017684,409.93353466372724,0.6038782870408215
618,10,0.25,0.25,8,-0.05887943908782045,410.7546510437109,0.6052719566693007
619,10,0.25,0.25,9,-0.04495725473986286,409.33897825351863,0.6028318746750947
620,10,0.25,0.5,0,-0.06186146267858125,409.77107962537,0.6036298428078507
621,10,0.25,0.5,1,-0.05547423823748913,409.3642239333273,0.60352068774858
622,10,0.25,0.5,2,-0.05042723480497576,413.0647248622468,0.6105830769874191
623,10,0.25,0.5,3,-0.07235109344327605,411.90461513405603,0.6080715085012772
624,10,0.25,0.5,4,-0.03823047620727487,408.9649680948455,0.6038985624248362
625,10,0.25,0.5,5,-0.06475874437168523,411.5311126167447,0.6081734015895507
626,10,0.25,0.5,6,-0.0504191768277986,410.3095069606315,0.6056899025211736
627,10,0.25,0.5,7,-0.056938837481171754,410.7263466704917,0.6052964866151406
628,10,0.25,0.5,8,-0.07637279612862173,410.6933400547545,0.6058078229458773
629,10,0.25,0.5,9,-0.04625693745487134,411.5061099491307,0.6077747340250604
630,10,0.25,0.75,0,-0.06114979621973063,409.68350752434134,0.6030466442000351
631,10,0.25,0.75,1,-0.06315539729663867,407.7640725202112,0.5999506706315482
632,10,0.25,0.75,2,-0.06075812626071409,408.37358218820583,0.6010412235028989
633,10,0.25,0.75,3,-0.06406158284994251,408.4380833946277,0.5988180023703472
634,10,0.25,0.75,4,-0.04993595664414038,408.93276150150035,0.6021916119353554
635,10,0.25,0.75,5,-0.06815055774041805,407.89098970493075,0.5985867549838584
636,10,0.25,0.75,6,-0.06956012073568472,408.55450444013985,0.6017685198055907
637,10,0.25,0.75,7,-0.07105776980865634,409.4723201797265,0.601134273683147
638,10,0.25,0.75,8,-0.05777457862738682,409.8620432695623,0.6022152976614223
639,10,0.25,0.75,9,-0.05230810173921254,408.758094765823,0.6015084567770076
640,10,0.5,0.1,0,0.00516043720509395,451.2432891221608,0.6547018353949628
641,10,0.5,0.1,1,0.0012438310789154815,451.346912249592,0.655850161363562
642,10,0.5,0.1,2,0.016890079406050546,451.25289533854817,0.6560300443976238
643,10,0.5,0.1,3,0.013622883816105135,451.4040264065115,0.65661505456978
644,10,0.5,0.1,4,0.012492205317102477,450.32085037442044,0.6531037156758274
645,10,0.5,0.1,5,0.00867153688306975,450.6214839899069,0.6545007168897163
646,10,0.5,0.1,6,0.008402465190575067,450.15470035019416,0.653650469880039
647,10,0.5,0.1,7,0.005456934123807984,451.18176453134987,0.6550561471454811
648,10,0.5,0.1,8,0.009418394163776525,451.3662901140872,0.6553384970222726
649,10,0.5,0.1,9,0.006147332243638846,450.04069390781365,0.6538715600260289
650,10,0.5,0.25,0,0.01406874999485381,445.4583022356623,0.6456826597269302
651,10,0.5,0.25,1,0.009805837955757022,445.1620214646825,0.6457466536201029
652,10,0.5,0.25,2,0.012024750003875845,446.2636039135379,0.6488360217292835
653,10,0.5,0.25,3,0.010256890351594708,446.4795762776019,0.6475469356463882
654,10,0.5,0.25,4,0.011659499223626552,445.44490246793094,0.6474018402410777
655,10,0.5,0.25,5,0.01722672526546809,445.13104179965245,0.6467124103910447
656,10,0.5,0.25,6,0.0023608284028275167,445.19890076339516,0.645057510029085
657,10,0.5,0.25,7,0.008775862691759187,445.71754312524394,0.6470380203728914
658,10,0.5,0.25,8,0.003667901097715087,446.1870895682191,0.6474964087251526
659,10,0.5,0.25,9,0.002949928410973255,446.2839316256304,0.6482470120987687
660,10,0.5,0.5,0,0.0018755861493795951,446.7174388670876,0.6475743193137701
661,10,0.5,0.5,1,0.00042117909304551876,446.3095773081748,0.6469124268289035
662,10,0.5,0.5,2,0.00065411761012892,446.01624601423464,0.6470037812146442
663,10,0.5,0.5,3,0.007278215999804276,445.95213131492704,0.6471054773650722
664,10,0.5,0.5,4,0.0023879955328667316,446.3476651615494,0.6469169504560867
665,10,0.5,0.5,5,0.006144337780699703,447.7369475259913,0.6506488624173098
666,10,0.5,0.5,6,0.008275733335413094,446.0477530636343,0.646747368830563
667,10,0.5,0.5,7,0.002950749469705865,447.37642665660996,0.6494463296580381
668,10,0.5,0.5,8,-0.001301319518983814,447.0139302000578,0.6478993599090744
669,10,0.5,0.5,9,0.005840461182368546,446.24902267102215,0.6469305466491467
670,10,0.5,0.75,0,0.009615659945006932,445.32356565922026,0.6468889536314327
671,10,0.5,0.75,1,-0.0015110597396990472,446.96043360586464,0.648314248757604
672,10,0.5,0.75,2,0.004848222210804082,446.9046226150429,0.6489314341658011
673,10,0.5,0.75,3,-0.0003253228216172817,446.21447491267236,0.6471600469994659
674,10,0.5,0.75,4,0.002763709616330929,444.7800935999537,0.6444491432156049
675,10,0.5,0.75,5,0.005101154445017973,445.92752799053983,0.6472407452317207
676,10,0.5,0.75,6,0.008303193660799906,445.0034785071826,0.6463551435548396
677,10,0.5,0.75,7,-0.0011183706008206645,445.2867468020542,0.6454024582425094
678,10,0.5,0.75,8,0.0031196381133697013,446.0674565464469,0.6475230004396413
679,10,0.5,0.75,9,0.010284156509375022,446.31407867383024,0.6483419691315125
680,10,0.75,0.1,0,-0.011014714590567154,481.1410994202607,0.7040244239604444
681,10,0.75,0.1,1,-0.007140749115705868,481.01255797872585,0.702516286124505
682,10,0.75,0.1,2,-0.007202031806639614,480.67836237415275,0.7017281762104227
683,10,0.75,0.1,3,-0.0016606241855441767,481.03532158991305,0.7040543167939836
684,10,0.75,0.1,4,-5.673957534791293e-05,480.72194892535595,0.7037347259983567
685,10,0.75,0.1,5,0.00019179684873341096,481.0644542087546,0.7042315585421021
686,10,0.75,0.1,6,-0.005741147458853864,481.09208610666815,0.7040514829338393
687,10,0.75,0.1,7,-0.010508737513483057,480.8301016198844,0.7014871460294589
688,10,0.75,0.1,8,-0.005798561709658571,481.11667804769195,0.7035614570049931
689,10,0.75,0.1,9,-0.003895239678265633,480.6000147157667,0.7026363251257098
690,10,0.75,0.25,0,0.00702091687283754,476.5371917511108,0.6931188932678567
691,10,0.75,0.25,1,-0.0016314633364768298,476.8145972940374,0.6920336642792715
692,10,0.75,0.25,2,-0.003159032340511389,476.7271876176995,0.6929473962364533
693,10,0.75,0.25,3,0.00030359492044525666,476.79131324864437,0.6931742316539425
694,10,0.75,0.25,4,-0.004570295170242665,476.609434563546,0.6921821747292793
695,10,0.75,0.25,5,0.006510264750190967,476.4461120918008,0.6927677459481077
696,10,0.75,0.25,6,0.0019571053787190706,476.6915502461687,0.6930507717299929
697,10,0.75,0.25,7,0.0003382099716324148,476.898659533419,0.6941035590144128
698,10,0.75,0.25,8,-0.00169230614529312,476.7628115847645,0.6930203491896814
699,10,0.75,0.25,9,0.0009719698437372868,476.7222990821994,0.6939343452024348
700,10,0.75,0.5,0,0.004075233909389413,474.91311824115365,0.6902407397483198
701,10,0.75,0.5,1,-0.00038388832163897824,474.88358974950324,0.6895498532463241
702,10,0.75,0.5,2,-0.002407936922199219,474.84887878438,0.6886431963325031
703,10,0.75,0.5,3,8.571124570061484e-06,474.54291500687367,0.6871623662478122
704,10,0.75,0.5,4,-0.0018456076829288747,474.7306223091836,0.6888616536026503
705,10,0.75,0.5,5,-0.0007747419093641026,474.1752448108753,0.6870247720557258
706,10,0.75,0.5,6,0.0036252941483478815,473.6201085942728,0.6862771461779147
707,10,0.75,0.5,7,0.004583988518660913,474.61430365288294,0.6886649207753673
708,10,0.75,0.5,8,0.009945541884453235,474.2395407669465,0.6876252234141398
709,10,0.75,0.5,9,-0.001820328186652273,474.7249310207349,0.6885188506995376
710,10,0.75,0.75,0,8.885578777690269e-05,473.84285226622245,0.6878884811044855
711,10,0.75,0.75,1,3.7074279501082365e-05,474.0366039108447,0.6887101267817887
712,10,0.75,0.75,2,0.0010648222237194065,473.8533801375442,0.6882991211092259
713,10,0.75,0.75,3,-0.0013418400322310897,473.209300589288,0.6865166186887429
714,10,0.75,0.75,4,0.005122355859636153,473.79627718815374,0.6879428358948235
715,10,0.75,0.75,5,0.0013402535569012237,473.55021016216125,0.6878517708089144
716,10,0.75,0.75,6,0.0032215516731142757,473.4328090173523,0.6875522870028896
717,10,0.75,0.75,7,0.002819381060227726,473.8404192087223,0.6877825392757767
718,10,0.75,0.75,8,0.0014432736766630029,472.77643997650813,0.6847269459032174
719,10,0.75,0.75,9,0.0013261715701985467,474.22654352898763,0.6897740178308923
720,15,0.01,0.1,0,-0.822258913527704,251.2050344810552,0.37588074660535825
721,15,0.01,0.1,1,-0.7308828871291895,246.3930017016172,0.36906307559450163
722,15,0.01,0.1,2,-0.7906145917815706,267.54796787822795,0.40561984581560767
723,15,0.01,0.1,3,-0.7728959086797191,249.39267681093907,0.3739968458059349
724,15,0.01,0.1,4,-0.7835150905373235,240.1951991198233,0.3563657031804639
725,15,0.01,0.1,5,-0.7061484143845291,256.8022741058367,0.38729776247860465
726,15,0.01,0.1,6,-0.7770212768523637,247.4674504283275,0.370868400293928
727,15,0.01,0.1,7,-0.8178408080231252,247.46930545821874,0.37003057491325125
728,15,0.01,0.1,8,-0.7849618291730119,253.86459569991715,0.3803734011783145
729,15,0.01,0.1,9,-0.668032163986387,251.7417986915669,0.3787315970938874
730,15,0.01,0.25,0,-0.7390983279011203,258.69298586440055,0.3919509063358033
731,15,0.01,0.25,1,-0.7507114387807508,255.53078713669552,0.38519993274060543
732,15,0.01,0.25,2,-0.8460257642087375,243.6865458689026,0.3613183702321258
733,15,0.01,0.25,3,-0.7651112167054359,248.05334389573667,0.372222855169343
734,15,0.01,0.25,4,-0.7031086311950493,254.82709506210298,0.3831190233425453
735,15,0.01,0.25,5,-0.8377076456477585,242.9620221918481,0.36069153285035793
736,15,0.01,0.25,6,-0.6483342984069776,257.0344207629912,0.38991721328757795
737,15,0.01,0.25,7,-0.7336620172034595,244.34549366485567,0.3669050582877555
738,15,0.01,0.25,8,-0.7889137175392817,254.64074208986446,0.38605147032897635
739,15,0.01,0.25,9,-0.7678221740704118,242.47013805897885,0.3625105403362603
740,15,0.01,0.5,0,-0.7354868695098179,258.32346208116945,0.3893873364443152
741,15,0.01,0.5,1,-0.6599526851131029,252.84830501445947,0.3823608094472856
742,15,0.01,0.5,2,-0.8036238218042767,255.07967173542806,0.38350693116360546
743,15,0.01,0.5,3,-0.6848375666494984,249.53371837510485,0.37479388347997605
744,15,0.01,0.5,4,-0.7148984839100782,247.4674654133374,0.3718715637556351
745,15,0.01,0.5,5,-0.7651933695519971,254.2385250303984,0.38217232335347595
746,15,0.01,0.5,6,-0.7039504948813579,253.88661735265092,0.38109492511679427
747,15,0.01,0.5,7,-0.6733527405112384,259.70010165986105,0.3935108711326422
748,15,0.01,0.5,8,-0.6859154343531632,251.49477044003388,0.379019512726203
749,15,0.01,0.5,9,-0.7963130909808251,242.91727049930225,0.3625978593491331
750,15,0.01,0.75,0,-0.777513410734029,247.1444981781535,0.3697723585789891
751,15,0.01,0.75,1,-0.7775243020313928,243.32541406532053,0.36249520266941
752,15,0.01,0.75,2,-0.6723294660881155,251.23467775460108,0.3782349089305976
753,15,0.01,0.75,3,-0.7305805717370757,249.69513318588193,0.3761038697144967
754,15,0.01,0.75,4,-0.8541770750688186,254.6985456137738,0.3810913147094914
755,15,0.01,0.75,5,-0.7075617774728352,253.66183776482217,0.38193797497825255
756,15,0.01,0.75,6,-0.7105085610797618,255.31471225829986,0.3868423983702735
757,15,0.01,0.75,7,-0.6654666051536124,247.18588782543125,0.3705488189992175
758,15,0.01,0.75,8,-0.7810320485786763,253.13224141536094,0.38165205939236246
759,15,0.01,0.75,9,-0.75415541586549,252.8800765168388,0.3810049450225828
760,15,0.05,0.1,0,-0.4824503029063176,338.8070302291747,0.512251508201988
761,15,0.05,0.1,1,-0.5105623007538389,338.83561321736914,0.5115925918775611
762,15,0.05,0.1,2,-0.47342097267495387,337.23222754864184,0.5099639801209191
763,15,0.05,0.1,3,-0.5033662731550751,334.7073745227423,0.5044763070591678
764,15,0.05,0.1,4,-0.4835928782095707,341.05163362921536,0.5149784069662146
765,15,0.05,0.1,5,-0.5307075057526083,340.3416702972358,0.5136952729809207
766,15,0.05,0.1,6,-0.5289414912150909,335.098910550762,0.5053389782907912
767,15,0.05,0.1,7,-0.5113837587195539,339.6952832846322,0.5125166901015019
768,15,0.05,0.1,8,-0.48079030811525403,339.3692506766657,0.5129374346281551
769,15,0.05,0.1,9,-0.5157949553291353,334.4741092143841,0.5040698063183445
770,15,0.05,0.25,0,-0.5538856289033868,331.6801470068123,0.4976494732937371
771,15,0.05,0.25,1,-0.5255417472673928,330.8142235331081,0.49553569479976933
772,15,0.05,0.25,2,-0.5110606359064612,336.9367496902907,0.5072797436196756
773,15,0.05,0.25,3,-0.4980234198528822,331.46552159327166,0.4980199822583859
774,15,0.05,0.25,4,-0.5430353618679349,329.87209281200217,0.4937860423418723
775,15,0.05,0.25,5,-0.5065931817067654,334.36275857468166,0.5032115391434516
776,15,0.05,0.25,6,-0.5416639925377216,326.97675377935025,0.48869719226494795
777,15,0.05,0.25,7,-0.512202690416176,335.93417248816587,0.5056871771547063
778,15,0.05,0.25,8,-0.5048653893321938,332.186087207493,0.499145421126112
779,15,0.05,0.25,9,-0.4746350501292551,339.5678454695568,0.5122591080570124
780,15,0.05,0.5,0,-0.5435463458258222,331.7644007035141,0.49493129239913697
781,15,0.05,0.5,1,-0.5576688175582261,333.7009275246771,0.49995319997373744
782,15,0.05,0.5,2,-0.515387835554984,332.80801634047106,0.4974261569306306
783,15,0.05,0.5,3,-0.5079441864302531,334.3283199018826,0.5009391189221687
784,15,0.05,0.5,4,-0.5089170830528965,335.26287259826046,0.504150287786708
785,15,0.05,0.5,5,-0.5681040710736576,335.628668100598,0.5019385371577075
786,15,0.05,0.5,6,-0.5376390575493777,330.235683802574,0.49375871041556046
787,15,0.05,0.5,7,-0.5145473031353197,331.64546777607563,0.4986209097952244
788,15,0.05,0.5,8,-0.4479152133588271,335.6281985200631,0.5065054284425063
789,15,0.05,0.5,9,-0.5447443873253581,332.43540078220457,0.49789802743086337
790,15,0.05,0.75,0,-0.5388390365328942,331.563811765794,0.4972925243012461
791,15,0.05,0.75,1,-0.5325518105946997,329.82032727157156,0.4939884691641063
792,15,0.05,0.75,2,-0.5235791578027084,333.9430157057446,0.49984903563809285
793,15,0.05,0.75,3,-0.5305855871818946,332.02244834262103,0.4974029978297332
794,15,0.05,0.75,4,-0.529348819501884,335.3328250234748,0.5015572313844204
795,15,0.05,0.75,5,-0.5119780865962639,335.97104125171404,0.5045124881090666
796,15,0.05,0.75,6,-0.5634471397395702,333.35748200278255,0.4971600999389055
797,15,0.05,0.75,7,-0.5526503555411885,331.2633679038784,0.4955059459740559
798,15,0.05,0.75,8,-0.5057479718503916,336.5782136341297,0.5065758327642322
799,15,0.05,0.75,9,-0.5600774117068698,330.8138361617393,0.49331676424567084
800,15,0.1,0.1,0,-0.20804093596020912,370.03140374263586,0.558860646903519
801,15,0.1,0.1,1,-0.2008843478911381,373.66666165809767,0.5667450320663426
802,15,0.1,0.1,2,-0.20076393932035716,374.98965664386907,0.5682751803455943
803,15,0.1,0.1,3,-0.22897009502484375,370.1066916303127,0.5581763569187354
804,15,0.1,0.1,4,-0.22481401216454897,372.0973543730222,0.5622803594689004
805,15,0.1,0.1,5,-0.2244522384587336,370.4308481019464,0.5601316188016563
806,15,0.1,0.1,6,-0.23910221417445224,374.65951631785174,0.565969240377926
807,15,0.1,0.1,7,-0.23826730030787235,373.8926385166053,0.5643811929866015
808,15,0.1,0.1,8,-0.25819303135220456,372.1843540218977,0.5616061241816374
809,15,0.1,0.1,9,-0.23705273341070385,373.9813964283403,0.5664242084396732
810,15,0.1,0.25,0,-0.22749902397398913,365.8399363085041,0.5498621738650487
811,15,0.1,0.25,1,-0.2468870649150209,366.11120686219584,0.5521240389824724
812,15,0.1,0.25,2,-0.2671590757318193,366.06490518787297,0.5490210046127156
813,15,0.1,0.25,3,-0.29499909019013076,363.816962376401,0.5457336586435879
814,15,0.1,0.25,4,-0.2649896702038376,366.71924102324846,0.5512358573987726
815,15,0.1,0.25,5,-0.299041799430146,364.4712762384291,0.5456065972036326
816,15,0.1,0.25,6,-0.28034144274140466,366.1261501989231,0.5504927255796227
817,15,0.1,0.25,7,-0.2765050905300162,364.7176256245627,0.5480501438833758
818,15,0.1,0.25,8,-0.29667172206422115,365.8264325577018,0.5479989598714797
819,15,0.1,0.25,9,-0.2565227246831548,367.44756608242477,0.5525900237138327
820,15,0.1,0.5,0,-0.26245252986342016,365.4553598889779,0.5479551388248294
821,15,0.1,0.5,1,-0.2820244351347179,370.44369607900893,0.5579701644451256
822,15,0.1,0.5,2,-0.3050988603413954,365.7820272714128,0.5495345371227253
823,15,0.1,0.5,3,-0.2889185861667418,369.0296715961337,0.5559415176462061
824,15,0.1,0.5,4,-0.3246816132176847,360.554595001121,0.5368024353255149
825,15,0.1,0.5,5,-0.2516609854205308,361.8319157454339,0.5443462435989126
826,15,0.1,0.5,6,-0.2654519708832127,366.3346425896666,0.5494858247105235
827,15,0.1,0.5,7,-0.2761352807065801,366.02864940306205,0.5498000724497581
828,15,0.1,0.5,8,-0.3051611536031575,364.80959513259677,0.5461999954747356
829,15,0.1,0.5,9,-0.30788178042937026,365.6614743193315,0.5482890109516985
830,15,0.1,0.75,0,-0.2796509768609415,361.536998246779,0.5411942229149554
831,15,0.1,0.75,1,-0.25214316534274406,364.0001242738496,0.5471047960637055
832,15,0.1,0.75,2,-0.30751913320722674,363.60152821173114,0.5439810810825423
833,15,0.1,0.75,3,-0.2980085857223495,366.00909791569785,0.5481473566126787
834,15,0.1,0.75,4,-0.28850850578802484,364.1526839043799,0.5457736357543328
835,15,0.1,0.75,5,-0.2978171129239224,364.3453038027855,0.5464371481293421
836,15,0.1,0.75,6,-0.2622145569234396,363.3943989295737,0.5458732041227116
837,15,0.1,0.75,7,-0.2847442698554655,363.4186131451702,0.5449929839642151
838,15,0.1,0.75,8,-0.2785207720594926,366.5436242546422,0.5503576416110677
839,15,0.1,0.75,9,-0.28834760254473646,363.0689870818298,0.5428633190263153
840,15,0.25,0.1,0,-0.03384244358854641,421.2806313193626,0.6290159498059151
841,15,0.25,0.1,1,-0.026529023587100752,418.7611887554852,0.6224833816727813
842,15,0.25,0.1,2,-0.03109934811568534,421.55226358939245,0.6290244430504983
843,15,0.25,0.1,3,-0.03653806777779403,419.7593620441415,0.625481901295744
844,15,0.25,0.1,4,-0.02937414742886511,421.2626268087031,0.6290533001138462
845,15,0.25,0.1,5,-0.022223739257024488,420.6154988674471,0.6266410488047706
846,15,0.25,0.1,6,-0.02496178425441847,420.2001142913012,0.6276655071111087
847,15,0.25,0.1,7,-0.03886289964109106,420.07114110371754,0.6262537890038224
848,15,0.25,0.1,8,-0.03576364491332864,421.7721924159148,0.6304639220643525
849,15,0.25,0.1,9,-0.028411862477760837,421.24042032343374,0.6277817271271174
850,15,0.25,0.25,0,-0.046163639290351,411.34142448378975,0.6081523338440188
851,15,0.25,0.25,1,-0.04842114351478786,411.8882307989922,0.6075197235538474
852,15,0.25,0.25,2,-0.05264020252435808,410.904501193721,0.6064568147511853
853,15,0.25,0.25,3,-0.04785303126945916,410.92380709749267,0.6052833032399261
854,15,0.25,0.25,4,-0.04433760478324463,412.3766286193308,0.6094374418825358
855,15,0.25,0.25,5,-0.056089095352587194,409.7807168267075,0.604661550265448
856,15,0.25,0.25,6,-0.048954997072686614,411.72302285477986,0.6092846744730063
857,15,0.25,0.25,7,-0.060424365979601685,410.402422181382,0.6059946990184576
858,15,0.25,0.25,8,-0.039174641109652526,412.17518891990653,0.6097188393362706
859,15,0.25,0.25,9,-0.05597308652187743,411.0800282202975,0.606978625841841
860,15,0.25,0.5,0,-0.06389731808630983,411.11202124573174,0.6073638074907736
861,15,0.25,0.5,1,-0.05590319134045072,410.68023299080636,0.6065441048913732
862,15,0.25,0.5,2,-0.06225891239170921,412.0697740693128,0.6089736845262236
863,15,0.25,0.5,3,-0.0740456258466583,410.2441554336627,0.6049140814944186
864,15,0.25,0.5,4,-0.05140606512450852,410.3718797469539,0.606561195899485
865,15,0.25,0.5,5,-0.06994757203870844,410.42860133122804,0.604930334618784
866,15,0.25,0.5,6,-0.05453913804365845,411.0571815789351,0.6071436403505601
867,15,0.25,0.5,7,-0.05892706010423804,410.4390139810802,0.6055937660676914
868,15,0.25,0.5,8,-0.052415425483231644,410.65177666507833,0.6059908313971346
869,15,0.25,0.5,9,-0.06667141705680996,412.11206989161815,0.6076758110892994
870,15,0.25,0.75,0,-0.07601406026246872,409.90949195663126,0.6032218191152179
871,15,0.25,0.75,1,-0.051411870415682404,409.1096892905586,0.6011399375782772
872,15,0.25,0.75,2,-0.07249208209468709,407.8028466140704,0.5992312638564771
873,15,0.25,0.75,3,-0.05194840844874136,409.48174589400423,0.6041350671311679
874,15,0.25,0.75,4,-0.06089202750028052,409.2803859034304,0.6014214709418194
875,15,0.25,0.75,5,-0.06945665366545631,407.7851821981579,0.5989226190869343
876,15,0.25,0.75,6,-0.07588961501913279,409.3356154973888,0.6014039789916188
877,15,0.25,0.75,7,-0.06269096979197956,408.68189936360636,0.6018617709224464
878,15,0.25,0.75,8,-0.06952081943243517,407.47153980935246,0.597665952323739
879,15,0.25,0.75,9,-0.048147843190397076,409.32301498472276,0.602082658591132
880,15,0.5,0.1,0,-0.0008869698822895575,453.0914270053913,0.6578819174125048
881,15,0.5,0.1,1,-0.0033326083483329557,452.7037759462665,0.6573023571324517
882,15,0.5,0.1,2,0.004859455771364911,453.7020579807568,0.6606311446461243
883,15,0.5,0.1,3,0.0036962807938807816,453.4096052304694,0.6594122952670903
884,15,0.5,0.1,4,0.0019951470454819867,453.3312597643619,0.6606062581832721
885,15,0.5,0.1,5,0.005032286280769333,453.30995648573,0.6599075857223023
886,15,0.5,0.1,6,0.010644717645831437,453.23976992295053,0.6597675806540951
887,15,0.5,0.1,7,0.002954213063189821,452.6770057522467,0.6585343026309012
888,15,0.5,0.1,8,0.004746095074841738,453.3424042887661,0.6597737427888635
889,15,0.5,0.1,9,-0.0012133025345655208,452.84596282120066,0.6587103933634298
890,15,0.5,0.25,0,0.010414554351365624,446.7189114674558,0.6476306319378414
891,15,0.5,0.25,1,0.01569433812541927,446.331933763358,0.648291152237619
892,15,0.5,0.25,2,-0.002440467039313799,446.80179087103875,0.6480444310879784
893,15,0.5,0.25,3,0.0014761168914691851,447.7382234029091,0.6498410271556618
894,15,0.5,0.25,4,0.004391188950092491,446.3270452136869,0.6478557265015324
895,15,0.5,0.25,5,0.007934757942870555,446.318160123219,0.6471233497030364
896,15,0.5,0.25,6,0.01809474788392008,446.0345291222023,0.6470983835759009
897,15,0.5,0.25,7,0.004752501411686964,445.6935255491732,0.645652300304686
898,15,0.5,0.25,8,0.006281382067553636,446.1796026620054,0.6471511716779216
899,15,0.5,0.25,9,0.010494270876087924,446.16023658131303,0.6483812625454043
900,15,0.5,0.5,0,-0.00012375089036304834,447.24552290949276,0.6488148975467669
901,15,0.5,0.5,1,-0.004940921999508523,446.6721920829422,0.6466839924288759
902,15,0.5,0.5,2,0.014048200919943313,447.0850073113333,0.6491448653575901
903,15,0.5,0.5,3,0.004480643022053897,445.79656468469346,0.6457951631792825
904,15,0.5,0.5,4,-0.0001847274932795101,446.86448275396634,0.6483199264818291
905,15,0.5,0.5,5,-0.007003715104699544,448.1904503264438,0.650667878364768
906,15,0.5,0.5,6,0.0006379508032162649,447.32223532541246,0.6477323919987573
907,15,0.5,0.5,7,-0.0023928785709614645,445.98274055156867,0.645883931241454
908,15,0.5,0.5,8,-0.0016667063092333095,448.11259009217656,0.6510544824971493
909,15,0.5,0.5,9,0.0028992622169195744,446.4489983284736,0.6472208200368531
910,15,0.5,0.75,0,-0.0012090188283973753,445.7521951918818,0.6472084777839956
911,15,0.5,0.75,1,0.00024566588023381314,446.35458973332106,0.6478069311173439
912,15,0.5,0.75,2,0.00427912080547677,445.6050723855833,0.6462748575913578
913,15,0.5,0.75,3,-0.00023465120659846758,447.2669116931366,0.6499970966868389
914,15,0.5,0.75,4,-8.506932249473242e-05,446.4684869698519,0.6479941496913361
915,15,0.5,0.75,5,0.005016072993256622,446.7486188858023,0.6484070450657399
916,15,0.5,0.75,6,-0.0021503257365702807,445.77232106375163,0.6464597085209091
917,15,0.5,0.75,7,6.968119557204204e-05,447.48585484350525,0.6489729500136815
918,15,0.5,0.75,8,0.00238273498333888,446.71378024085396,0.6488476212526827
919,15,0.5,0.75,9,0.0034252637133639955,447.270227445266,0.6496653231616887
920,15,0.75,0.1,0,-0.006294171131463633,482.5666386462319,0.7066740103661857
921,15,0.75,0.1,1,-0.00543270032327962,482.1082716861656,0.7057589893307776
922,15,0.75,0.1,2,-0.003643835755248112,481.9913799066863,0.7049325366828872
923,15,0.75,0.1,3,0.0002916705812700214,482.19611330619074,0.7062757440265854
924,15,0.75,0.1,4,-0.001306362180830814,482.03166732770563,0.706442333714596
925,15,0.75,0.1,5,-0.006281587971208281,481.7855933074441,0.7039981332950069
926,15,0.75,0.1,6,-0.006070004657484557,482.0515591333745,0.7060730761994586
927,15,0.75,0.1,7,-0.008308450475268464,482.00586439774906,0.7058616691966169
928,15,0.75,0.1,8,-0.004536953234643167,482.1485609057174,0.7059322434634577
929,15,0.75,0.1,9,-0.00749949765178005,481.8038233029153,0.7046787474730728
930,15,0.75,0.25,0,0.0015574010503432943,477.16170815832555,0.693784522364126
931,15,0.75,0.25,1,0.0019587934539358476,477.3204822920963,0.6944551230504951
932,15,0.75,0.25,2,-0.002476504223293869,477.29561242200333,0.6948997350125685
933,15,0.75,0.25,3,-5.6446385011908275e-05,477.3150504681644,0.6949674821143533
934,15,0.75,0.25,4,-0.0073436030572373535,477.72738530574844,0.6958951136831083
935,15,0.75,0.25,5,0.0013842615667217367,477.2391285651159,0.6950019340545509
936,15,0.75,0.25,6,0.005851043494745393,477.0207648446792,0.6961060140696737
937,15,0.75,0.25,7,-0.0015139796803514034,477.3762209106936,0.6951151912736574
938,15,0.75,0.25,8,0.0037474002068771384,477.29944476928796,0.6951458353514677
939,15,0.75,0.25,9,-0.0009410289484374224,478.0327512350546,0.6950718988885402
940,15,0.75,0.5,0,-0.003245095843966946,475.563396871168,0.6894073815923818
941,15,0.75,0.5,1,-0.0024969298414974084,475.20668609519277,0.6903739763566167
942,15,0.75,0.5,2,-0.003425994204507621,474.8275323833347,0.6876317981754901
943,15,0.75,0.5,3,0.0018406533186648144,475.4066621451131,0.6892299838917321
944,15,0.75,0.5,4,-0.0016169228715675193,475.2068952163972,0.6884503989035965
945,15,0.75,0.5,5,0.00223648747210362,475.12661610477363,0.6895150211528467
946,15,0.75,0.5,6,-0.00030199627256456235,475.2774442807395,0.6891408331479912
947,15,0.75,0.5,7,0.00399989492016523,475.46059292534136,0.689839908609152
948,15,0.75,0.5,8,-0.002335433861335371,475.8589825050133,0.691691831676069
949,15,0.75,0.5,9,0.0006402515527427904,475.48510003068765,0.6898589949344919
950,15,0.75,0.75,0,0.007762996814058292,473.6512423232037,0.6883072965319972
951,15,0.75,0.75,1,0.001810233336591055,473.04830428615224,0.6849651837334646
952,15,0.75,0.75,2,0.003767478663971799,473.8524413982987,0.688070755067975
953,15,0.75,0.75,3,0.0008366682021118538,473.9160326012175,0.688258793175008
954,15,0.75,0.75,4,0.0025147893697318783,473.61746889752703,0.6881396098122833
955,15,0.75,0.75,5,-0.0009886712898156864,473.6907712128729,0.6877458073561785
956,15,0.75,0.75,6,-0.0031049761898258635,474.1212397993905,0.6895009878642956
957,15,0.75,0.75,7,0.00039838328702498,473.90694613165505,0.6880866490325146
958,15,0.75,0.75,8,-0.0016025571019720232,474.2082295888099,0.6886220849377045
959,15,0.75,0.75,9,-0.00028039322813213735,474.06149260234287,0.6884280842597637
